timestamp,label,activity_class,bpm,mean_mag,std_mag,peak_rel,peak_max
2026-06-29T21:30:44.283791,walk,0,66.7,2115.1,82.5,1.13,2381.0
2026-06-29T21:30:44.682499,walk,0,66.7,2115.5,64.4,1.07,2256.7
2026-06-29T21:30:45.080852,walk,0,66.7,2114.3,55.5,1.04,2206.2
2026-06-29T21:30:45.480715,walk,0,66.7,2113.1,49.3,1.04,2200.6
2026-06-29T21:30:45.878496,walk,0,66.7,2096.7,50.0,1.05,2197.0
2026-06-29T21:30:46.307644,walk,0,66.7,2095.2,65.1,1.06,2216.2
2026-06-29T21:30:46.702268,walk,0,66.7,2102.7,76.0,1.07,2257.2
2026-06-29T21:30:55.293872,walk,0,66.7,2093.1,78.7,1.08,2257.2
2026-06-29T21:30:55.319458,walk,0,66.7,2107.1,105.1,1.23,2601.8
2026-06-29T21:30:55.449550,walk,0,66.7,2087.4,121.6,1.25,2601.8
2026-06-29T21:30:55.450610,walk,0,66.7,2090.9,148.0,1.24,2601.8
2026-06-29T21:30:55.494674,walk,0,66.7,2089.5,169.8,1.25,2601.8
2026-06-29T21:30:55.495838,walk,0,66.7,2082.4,177.4,1.25,2601.8
2026-06-29T21:30:55.497852,walk,0,66.7,2084.5,197.2,1.25,2601.8
2026-06-29T21:30:55.499968,walk,0,66.7,2050.9,193.9,1.24,2551.8
2026-06-29T21:30:55.501575,walk,0,66.7,2064.7,209.7,1.24,2570.5
2026-06-29T21:30:55.503798,walk,0,66.7,2074.0,206.3,1.24,2570.5
2026-06-29T21:30:55.536966,walk,0,66.7,2058.0,209.4,1.25,2570.5
2026-06-29T21:30:55.540637,walk,0,66.7,2050.5,225.4,1.27,2597.4
2026-06-29T21:30:55.581545,walk,0,66.7,2052.3,226.1,1.27,2597.4
2026-06-29T21:30:55.582773,walk,0,66.7,2073.8,228.5,1.25,2597.4
2026-06-29T21:30:55.624968,walk,0,66.7,2061.0,223.6,1.26,2597.4
2026-06-29T21:30:55.625536,walk,0,68.5,2043.7,227.3,1.27,2597.4
2026-06-29T21:30:55.627624,walk,0,68.5,2079.7,226.0,1.27,2631.6
2026-06-29T21:30:55.629464,walk,0,73.1,2070.6,230.9,1.27,2631.6
2026-06-29T21:30:55.631547,walk,0,77.1,2103.5,207.8,1.25,2631.6
2026-06-29T21:30:55.931476,walk,0,77.1,2082.9,200.5,1.24,2584.8
2026-06-29T21:30:57.419009,walk,0,77.1,2110.9,178.0,1.21,2550.2
2026-06-29T21:30:57.638069,walk,0,81.5,2108.1,183.4,1.21,2550.2
2026-06-29T21:30:58.163133,walk,0,81.5,2100.7,196.4,1.21,2550.2
2026-06-29T21:30:58.383321,walk,0,86.4,2104.0,194.5,1.21,2545.0
2026-06-29T21:30:58.470246,walk,0,86.4,2083.6,193.6,1.22,2545.0
2026-06-29T21:30:58.645542,walk,0,86.4,2085.0,207.9,1.22,2545.0
2026-06-29T21:31:05.863043,walk,0,86.4,2077.0,209.6,1.24,2572.5
2026-06-29T21:31:08.901146,walk,0,86.4,2079.3,213.3,1.24,2572.5
2026-06-29T21:31:08.901423,walk,0,86.4,2058.0,207.0,1.25,2572.5
2026-06-29T21:31:09.888778,walk,0,86.4,2046.4,201.1,1.26,2572.5
2026-06-29T21:31:10.371509,walk,0,86.4,2068.1,202.6,1.24,2572.5
2026-06-29T21:31:10.633788,walk,0,86.4,2056.1,185.2,1.25,2572.5
2026-06-29T21:31:10.894238,walk,0,86.4,2039.7,174.6,1.21,2469.3
2026-06-29T21:31:10.895375,walk,0,85.6,2065.0,176.5,1.2,2478.6
2026-06-29T21:31:10.897469,walk,0,85.6,2060.7,180.9,1.2,2478.6
2026-06-29T21:31:10.899312,walk,0,85.6,2047.5,177.8,1.21,2478.6
2026-06-29T21:31:10.902058,walk,0,72.0,2057.0,180.5,1.23,2527.0
2026-06-29T21:31:10.904038,walk,0,72.0,2055.7,188.3,1.23,2527.0
2026-06-29T21:31:10.906086,walk,0,72.0,2049.4,189.7,1.23,2527.0
2026-06-29T21:31:10.910448,walk,0,70.4,2048.0,206.1,1.31,2690.7
2026-06-29T21:31:10.910915,walk,0,70.4,2055.1,199.1,1.31,2690.7
2026-06-29T21:31:10.912416,walk,0,70.4,2054.1,194.1,1.31,2690.7
2026-06-29T21:31:10.914627,walk,0,70.4,2042.9,204.8,1.32,2690.7
2026-06-29T21:31:10.916434,walk,0,70.4,2063.2,195.5,1.3,2690.7
2026-06-29T21:31:10.918294,walk,0,70.4,2056.0,199.4,1.31,2690.7
2026-06-29T21:31:10.920332,walk,0,70.4,2056.4,206.5,1.24,2544.9
2026-06-29T21:31:10.922398,walk,0,70.4,2062.3,206.3,1.23,2544.9
2026-06-29T21:31:10.924089,walk,0,70.4,2047.1,195.6,1.23,2508.7
2026-06-29T21:31:11.332339,walk,0,70.4,2058.0,205.4,1.25,2581.4
2026-06-29T21:31:11.463883,walk,0,67.2,2075.9,208.9,1.24,2581.4
2026-06-29T21:31:11.552305,walk,0,67.2,2084.9,247.7,1.52,3162.0
2026-06-29T21:31:12.470760,walk,0,67.2,2085.3,239.6,1.52,3162.0
2026-06-29T21:31:12.471230,walk,0,67.2,2093.3,231.4,1.51,3162.0
2026-06-29T21:31:12.775603,walk,0,67.2,2119.1,214.7,1.49,3162.0
2026-06-29T21:31:13.083453,walk,0,67.2,2098.5,197.4,1.51,3162.0
2026-06-29T21:31:13.476358,walk,0,67.2,2092.3,186.9,1.51,3162.0
2026-06-29T21:31:14.003421,walk,0,67.2,2073.2,93.0,1.09,2258.8
2026-06-29T21:31:18.570021,walk,0,67.2,2082.6,84.7,1.07,2227.7
2026-06-29T21:31:19.251270,walk,0,67.2,2085.4,86.8,1.07,2227.7
2026-06-29T21:31:19.469694,walk,0,80.4,2069.8,89.7,1.15,2382.2
2026-06-29T21:31:20.125523,walk,0,80.4,2083.4,99.3,1.14,2382.2
2026-06-29T21:31:21.264166,walk,0,80.4,2067.5,120.5,1.15,2382.2
2026-06-29T21:31:26.270461,walk,0,80.4,2088.9,142.1,1.18,2472.0
2026-06-29T21:31:26.270776,walk,0,80.4,2089.4,167.4,1.24,2600.9
2026-06-29T21:31:26.270874,walk,0,80.4,2061.2,182.1,1.26,2600.9
2026-06-29T21:31:26.340410,walk,0,80.4,2059.0,187.3,1.26,2600.9
2026-06-29T21:31:26.382134,walk,0,80.4,2056.9,206.9,1.36,2795.7
2026-06-29T21:31:26.688403,walk,0,80.4,2057.1,218.5,1.36,2795.7
2026-06-29T21:31:27.038825,walk,0,80.4,2055.6,222.9,1.36,2795.7
2026-06-29T21:31:27.039823,walk,0,69.7,2047.9,229.0,1.37,2795.7
2026-06-29T21:31:27.043356,walk,0,69.7,2059.2,222.6,1.36,2795.7
2026-06-29T21:31:27.043652,walk,0,71.7,2055.6,225.4,1.36,2795.7
2026-06-29T21:31:27.045937,walk,0,71.7,2054.7,206.7,1.22,2505.3
2026-06-29T21:31:27.047526,walk,0,71.7,2057.4,188.8,1.22,2505.3
2026-06-29T21:31:27.049859,walk,0,71.7,2045.5,181.9,1.25,2555.0
2026-06-29T21:31:27.051404,walk,0,71.7,2051.5,172.7,1.26,2585.8
2026-06-29T21:31:27.053788,walk,0,71.6,2055.0,199.6,1.26,2585.8
2026-06-29T21:31:27.055430,walk,0,82.9,2042.4,197.2,1.27,2585.8
2026-06-29T21:31:27.058252,walk,0,82.9,2049.7,218.1,1.35,2768.8
2026-06-29T21:31:27.059237,walk,0,82.9,2063.2,221.3,1.34,2768.8
2026-06-29T21:31:27.061721,walk,0,69.9,2050.7,193.5,1.24,2552.2
2026-06-29T21:31:27.063327,walk,0,69.9,2050.5,183.4,1.24,2552.2
2026-06-29T21:31:27.564450,walk,0,77.2,2064.8,189.1,1.24,2552.2
2026-06-29T21:31:27.650410,walk,0,77.2,2044.1,189.8,1.24,2526.9
2026-06-29T21:31:30.601590,walk,0,77.2,2040.7,182.7,1.24,2526.9
2026-06-29T21:31:30.601804,walk,0,77.2,2059.9,190.2,1.23,2526.9
2026-06-29T21:31:30.601988,walk,0,81.5,2041.4,189.3,1.24,2526.9
2026-06-29T21:31:30.803083,walk,0,91.8,2056.3,209.5,1.27,2619.8
2026-06-29T21:31:31.457382,walk,0,91.8,2054.9,205.4,1.27,2619.8
2026-06-29T21:31:31.940256,walk,0,91.8,2038.5,197.3,1.29,2619.8
2026-06-29T21:31:32.114764,walk,0,91.8,2072.8,209.1,1.26,2619.8
2026-06-29T21:31:32.247398,walk,0,91.8,2074.6,204.3,1.26,2619.8
2026-06-29T21:31:32.247657,walk,0,91.8,2047.1,221.0,1.28,2619.8
2026-06-29T21:31:32.249650,walk,0,91.8,2090.3,231.6,1.23,2580.7
2026-06-29T21:31:32.251312,walk,0,91.8,2076.9,227.6,1.24,2580.7
2026-06-29T21:31:32.289186,walk,0,91.8,2077.4,230.3,1.24,2580.7
2026-06-29T21:31:32.729171,walk,0,91.8,2077.5,214.2,1.24,2580.7
2026-06-29T21:31:33.077608,walk,0,91.8,2060.8,208.6,1.25,2580.7
2026-06-29T21:31:37.251621,walk,0,91.8,2107.6,166.1,1.22,2580.7
2026-06-29T21:31:39.920541,walk,0,91.8,2088.9,157.8,1.21,2529.6
2026-06-29T21:31:39.945194,walk,0,90.3,2066.2,167.9,1.22,2529.6
2026-06-29T21:31:40.251349,walk,0,90.3,2081.5,183.4,1.22,2529.6
2026-06-29T21:31:40.514136,walk,0,87.4,2090.6,211.7,1.31,2741.9
2026-06-29T21:31:40.602259,walk,0,87.4,2071.3,218.4,1.32,2741.9
2026-06-29T21:31:40.602725,walk,0,87.4,2077.5,232.7,1.32,2741.9
2026-06-29T21:31:48.319196,run,0,87.4,2049.8,222.8,1.34,2741.9
2026-06-29T21:31:48.319527,run,0,87.4,2068.8,223.1,1.33,2741.9
2026-06-29T21:31:48.319710,run,0,87.4,2081.8,201.2,1.32,2741.9
2026-06-29T21:31:48.390491,run,0,87.4,2050.6,175.4,1.3,2658.2
2026-06-29T21:31:48.520726,run,0,87.4,2076.9,182.3,1.28,2658.2
2026-06-29T21:31:48.521707,run,0,87.4,2068.8,180.5,1.2,2478.1
2026-06-29T21:31:48.524739,run,0,77.5,2058.2,188.8,1.23,2527.5
2026-06-29T21:31:48.525570,run,0,77.5,2079.9,194.5,1.22,2527.5
2026-06-29T21:31:48.527349,run,0,77.5,2055.5,197.3,1.23,2527.5
2026-06-29T21:31:48.529317,run,0,77.5,2068.7,202.9,1.22,2527.5
2026-06-29T21:31:48.531374,run,0,77.5,2064.1,206.2,1.25,2577.8
2026-06-29T21:31:48.533400,run,0,77.5,2043.6,202.7,1.26,2577.8
2026-06-29T21:31:48.564683,run,0,77.5,2072.1,193.3,1.24,2577.8
2026-06-29T21:31:48.564918,run,0,77.5,2046.2,188.6,1.26,2577.8
2026-06-29T21:31:48.566497,run,0,77.5,2051.3,194.5,1.26,2577.8
2026-06-29T21:31:48.568674,run,0,77.5,2056.0,207.7,1.25,2577.8
2026-06-29T21:31:48.570584,run,0,78.0,2030.0,205.1,1.21,2460.2
2026-06-29T21:31:48.572440,run,0,78.0,2056.9,217.5,1.2,2460.2
2026-06-29T21:31:48.574763,run,0,77.2,2090.3,188.6,1.23,2580.5
2026-06-29T21:31:48.696375,run,0,77.2,2067.5,189.9,1.25,2580.5
2026-06-29T21:31:49.090805,run,0,77.2,2054.1,193.0,1.26,2580.5
2026-06-29T21:31:49.483593,run,0,77.2,2081.0,194.1,1.24,2580.5
2026-06-29T21:31:51.059470,run,0,77.2,2093.5,195.5,1.22,2554.3
2026-06-29T21:31:51.103295,run,0,77.2,2098.8,299.9,1.34,2810.2
2026-06-29T21:31:51.103971,run,0,69.4,2135.8,434.3,1.74,3713.9
2026-06-29T21:31:51.276404,run,0,69.4,2195.5,590.9,1.69,3713.9
2026-06-29T21:31:56.264692,run,0,76.9,2265.3,665.8,1.64,3713.9
2026-06-29T21:32:09.321214,run,0,76.9,2282.0,733.8,1.63,3713.9
2026-06-29T21:32:10.615220,run,0,76.9,2303.0,830.8,1.61,3713.9
2026-06-29T21:32:10.616578,run,0,76.9,2337.7,884.1,1.59,3713.9
2026-06-29T21:32:10.619266,run,0,76.9,2278.8,972.9,1.72,3909.9
2026-06-29T21:32:10.621069,run,0,76.9,2262.9,946.1,1.73,3909.9
2026-06-29T21:32:10.624789,run,0,76.9,2235.5,1008.3,1.75,3909.9
2026-06-29T21:32:10.747277,run,0,76.9,2223.8,1028.3,1.76,3909.9
2026-06-29T21:32:11.052872,run,0,76.9,2198.4,1007.1,1.78,3909.9
2026-06-29T21:32:13.195573,run,0,76.9,2209.7,986.0,1.77,3909.9
2026-06-29T21:32:13.677589,run,0,74.6,2215.0,961.8,1.76,3908.7
2026-06-29T21:32:13.679251,run,0,74.6,2204.6,990.9,1.77,3908.7
2026-06-29T21:32:13.681259,run,0,88.3,2194.1,964.2,1.72,3769.1
2026-06-29T21:32:13.852496,run,0,88.3,2192.6,965.1,1.72,3769.1
2026-06-29T21:32:13.852920,run,0,84.5,2185.9,1013.4,1.92,4199.6
2026-06-29T21:32:14.159882,run,0,84.5,2175.2,1033.4,1.93,4199.6
2026-06-29T21:32:14.162092,run,0,74.7,2169.7,992.5,1.94,4199.6
2026-06-29T21:32:14.205591,run,0,74.7,2174.9,1027.4,1.93,4199.6
2026-06-29T21:32:14.205994,run,0,87.6,2184.2,1058.8,1.92,4199.6
2026-06-29T21:32:14.291196,run,0,86.6,2214.6,1425.5,2.05,4545.0
2026-06-29T21:32:14.291739,run,0,86.6,2250.6,1479.5,2.02,4545.0
2026-06-29T21:32:14.293752,run,0,86.6,2314.2,1494.6,1.96,4545.0
2026-06-29T21:32:14.295782,run,0,86.6,2346.3,1496.8,1.94,4545.0
2026-06-29T21:32:14.334927,run,0,86.6,2365.8,1437.1,1.88,4457.0
2026-06-29T21:32:14.335444,run,0,86.6,2404.3,1395.9,1.85,4457.0
2026-06-29T21:32:14.337823,run,0,86.6,2423.8,1387.2,1.91,4623.8
2026-06-29T21:32:14.339661,run,0,86.6,2414.0,1375.9,1.97,4757.5
2026-06-29T21:32:14.341902,run,0,80.5,2379.9,1403.5,2.01,4792.5
2026-06-29T21:32:14.343439,run,0,80.5,2307.9,1371.9,2.08,4792.5
2026-06-29T21:32:14.345932,run,0,80.5,2263.8,1393.5,2.12,4792.5
2026-06-29T21:32:14.684870,run,0,80.5,2229.6,1397.7,2.15,4792.5
2026-06-29T21:32:15.078580,run,0,91.2,2189.0,1405.3,2.19,4792.5
2026-06-29T21:32:15.516289,run,0,91.2,2174.7,1378.1,2.2,4792.5
2026-06-29T21:32:16.170574,run,0,91.2,2149.2,1374.6,2.07,4453.8
2026-06-29T21:32:16.346138,run,0,91.2,2224.3,1408.2,2.0,4453.8
2026-06-29T21:32:16.741401,run,0,91.2,2253.6,1419.4,1.98,4453.8
2026-06-29T21:32:17.310513,run,0,91.2,2242.9,1414.2,1.98,4442.8
2026-06-29T21:32:17.484625,run,0,91.2,2253.0,1418.8,1.94,4359.6
2026-06-29T21:32:17.879827,run,0,91.2,2296.3,1385.6,1.9,4359.6
2026-06-29T21:32:20.695817,run,0,91.2,2356.2,1263.3,1.85,4359.6
2026-06-29T21:32:20.696020,run,0,91.2,2282.1,1162.3,1.91,4359.6
2026-06-29T21:32:20.696172,run,0,91.2,2246.9,1060.2,1.94,4359.6
2026-06-29T21:32:20.722685,run,0,82.3,2355.0,1068.3,2.46,5782.1
2026-06-29T21:32:20.852615,run,0,82.3,2394.5,1055.3,2.41,5782.1
2026-06-29T21:32:20.853193,run,0,92.0,2344.9,1068.7,2.47,5782.1
2026-06-29T21:32:20.940320,run,0,92.0,2331.0,1150.8,2.48,5782.1
2026-06-29T21:32:21.072620,run,0,92.0,2376.2,1226.1,2.43,5782.1
2026-06-29T21:32:21.510699,run,0,92.0,2414.5,1286.8,2.39,5782.1
2026-06-29T21:32:21.904357,run,0,92.0,2337.5,1290.4,1.89,4419.2
2026-06-29T21:32:22.297224,run,0,92.0,2310.0,1304.7,1.88,4343.4
2026-06-29T21:32:22.691158,run,0,92.0,2349.1,1327.1,1.85,4343.4
2026-06-29T21:32:23.128982,run,0,92.0,2345.0,1368.8,1.88,4419.9
2026-06-29T21:32:23.478997,run,0,92.0,2352.2,1395.8,1.93,4531.9
2026-06-29T21:32:23.959659,run,0,92.0,2376.1,1434.8,2.01,4766.4
2026-06-29T21:32:24.310551,run,0,92.0,2364.4,1426.8,2.02,4766.4
2026-06-29T21:32:24.704576,run,0,92.0,2397.0,1447.8,2.04,4880.5
2026-06-29T21:32:25.535933,run,0,92.0,2376.6,1435.1,2.05,4880.5
2026-06-29T21:32:25.577885,run,0,105.1,2361.6,1406.9,2.07,4880.5
2026-06-29T21:32:25.885485,run,0,105.1,2363.5,1347.1,2.06,4880.5
2026-06-29T21:32:26.279114,run,0,117.5,2334.7,1308.2,2.09,4880.5
2026-06-29T21:32:26.803940,run,0,117.5,2337.6,1313.8,2.09,4880.5
2026-06-29T21:32:27.110540,run,0,117.5,2331.2,1293.1,2.16,5044.3
2026-06-29T21:32:27.504167,run,0,130.5,2324.1,1315.8,2.17,5044.3
2026-06-29T21:32:28.073065,run,0,138.1,2299.0,1318.4,2.19,5044.3
2026-06-29T21:32:28.291705,run,0,138.1,2310.3,1346.2,2.18,5044.3
2026-06-29T21:32:28.685595,run,0,137.2,2330.9,1353.2,2.16,5044.3
2026-06-29T21:32:29.123211,run,0,137.2,2326.5,1320.2,2.17,5044.3
2026-06-29T21:32:29.473290,run,0,137.2,2285.9,1282.4,1.87,4280.0
2026-06-29T21:32:29.911099,run,0,137.2,2289.7,1261.2,1.87,4280.0
2026-06-29T21:32:30.304406,run,0,137.2,2314.5,1290.0,2.04,4728.9
2026-06-29T21:32:30.741572,run,0,137.2,2294.6,1286.2,2.06,4728.9
2026-06-29T21:32:31.091770,run,0,137.2,2295.2,1281.1,2.06,4728.9
2026-06-29T21:32:31.485755,run,0,128.4,2299.2,1298.2,2.06,4728.9
2026-06-29T21:32:31.923859,run,0,128.4,2324.2,1308.2,2.03,4728.9
2026-06-29T21:32:32.316403,run,0,119.8,2296.8,1270.8,2.06,4728.9
2026-06-29T21:32:32.754502,run,0,119.8,2316.6,1226.6,1.94,4500.8
2026-06-29T21:32:33.497235,run,0,119.8,2323.7,1251.4,1.94,4500.8
2026-06-29T21:32:33.803655,run,0,119.8,2319.8,1261.6,1.96,4536.2
2026-06-29T21:32:33.935332,run,0,119.8,2312.8,1240.6,1.96,4536.2
2026-06-29T21:32:34.284945,run,0,126.3,2337.3,1237.3,1.94,4536.2
2026-06-29T21:32:34.721761,run,0,135.8,2370.9,1285.6,1.91,4536.2
2026-06-29T21:32:35.073815,run,0,135.8,2361.5,1334.4,1.96,4626.3
2026-06-29T21:32:35.510504,run,0,136.0,2359.4,1347.3,1.96,4626.3
2026-06-29T21:32:35.991401,run,0,136.0,2331.4,1374.6,2.0,4662.9
2026-06-29T21:32:36.298649,run,0,136.0,2326.3,1380.9,2.0,4662.9
2026-06-29T21:32:36.691966,run,0,136.0,2297.3,1375.3,2.03,4662.9
2026-06-29T21:32:37.128109,run,0,127.7,2261.7,1351.3,2.06,4662.9
2026-06-29T21:32:37.480315,run,0,136.6,2243.0,1310.5,2.08,4662.9
2026-06-29T21:32:37.916518,run,0,136.6,2240.9,1314.3,2.08,4662.9
2026-06-29T21:32:38.311419,run,0,136.6,2241.9,1263.5,2.02,4538.9
2026-06-29T21:32:38.748174,run,0,136.6,2257.5,1299.4,2.01,4538.9
2026-06-29T21:32:39.097623,run,0,136.6,2268.7,1310.7,2.13,4836.5
2026-06-29T21:32:39.623545,run,0,136.6,2307.3,1362.2,2.1,4836.5
2026-06-29T21:32:39.885115,run,0,136.6,2316.2,1394.0,2.09,4836.5
2026-06-29T21:32:40.278949,run,0,136.6,2330.5,1349.4,2.08,4836.5
2026-06-29T21:32:40.761526,run,0,142.0,2300.5,1343.0,2.1,4836.5
2026-06-29T21:32:41.154128,run,0,145.0,2298.8,1359.1,2.1,4836.5
2026-06-29T21:32:41.504753,run,0,145.0,2245.5,1328.9,2.05,4596.2
2026-06-29T21:32:41.898778,run,0,141.4,2270.1,1346.4,2.03,4608.7
2026-06-29T21:32:42.291631,run,0,144.9,2227.4,1292.4,2.07,4608.7
2026-06-29T21:32:42.729041,run,0,144.9,2202.7,1313.2,2.09,4608.7
2026-06-29T21:32:43.080210,run,0,144.9,2222.5,1330.2,2.07,4608.7
2026-06-29T21:32:43.473510,run,0,141.3,2236.6,1306.2,2.06,4608.7
2026-06-29T21:32:44.128271,run,0,141.3,2237.4,1283.5,2.06,4608.7
2026-06-29T21:32:44.347045,run,0,141.3,2233.7,1240.6,1.95,4350.0
2026-06-29T21:32:44.698892,run,0,141.3,2244.8,1235.9,1.94,4350.0
2026-06-29T21:32:45.091702,run,0,141.3,2259.3,1224.1,1.93,4350.0
2026-06-29T21:32:45.528578,sit,0,141.3,2260.8,1201.5,1.92,4350.0
2026-06-29T21:32:45.879754,sit,0,141.3,2243.4,1211.3,1.94,4350.0
2026-06-29T21:32:46.579190,sit,0,141.3,2259.6,1226.7,1.93,4350.0
2026-06-29T21:32:46.711096,sit,0,141.3,2239.2,1268.3,1.97,4411.0
2026-06-29T21:32:47.104223,sit,0,141.3,2243.6,1298.6,1.97,4411.0
2026-06-29T21:32:47.499824,sit,0,134.8,2245.2,1335.5,1.96,4411.0
2026-06-29T21:32:47.978373,sit,0,134.8,2279.0,1322.9,1.94,4411.0
2026-06-29T21:32:48.416313,sit,0,134.8,2253.9,1204.4,1.96,4411.0
2026-06-29T21:32:48.897860,sit,0,134.8,2232.1,1115.7,1.98,4411.0
2026-06-29T21:32:49.774598,sit,0,134.8,2209.0,930.9,1.96,4327.1
2026-06-29T21:32:49.860153,sit,0,134.8,2190.2,767.5,1.98,4327.1
2026-06-29T21:32:49.904959,sit,0,134.8,2158.4,486.8,1.99,4302.1
2026-06-29T21:32:50.474400,sit,0,134.8,2111.3,227.5,1.3,2738.3
2026-06-29T21:32:51.303983,sit,0,134.8,2085.5,217.6,1.25,2616.8
2026-06-29T21:32:51.478776,sit,0,134.8,2050.5,216.9,1.28,2616.8
2026-06-29T21:32:51.535142,sit,0,134.8,2090.2,240.5,1.25,2616.8
2026-06-29T21:32:51.873664,sit,0,134.8,2109.7,256.9,1.42,3004.2
2026-06-29T21:32:52.353743,sit,0,134.8,2112.0,274.6,1.42,3004.2
2026-06-29T21:32:52.706641,sit,0,134.8,2112.2,272.8,1.42,3004.2
2026-06-29T21:32:53.099178,sit,0,134.8,2134.7,236.0,1.41,3004.2
2026-06-29T21:32:53.535883,sit,0,134.8,2163.7,209.7,1.39,3004.2
2026-06-29T21:32:53.885739,sit,0,134.8,2122.2,186.7,1.42,3004.2
2026-06-29T21:32:54.322468,sit,0,134.8,2101.5,118.7,1.25,2626.0
2026-06-29T21:32:54.717446,sit,0,134.8,2111.1,43.3,1.05,2223.0
2026-06-29T21:32:55.153821,sit,0,134.8,2108.6,39.4,1.05,2223.0
2026-06-29T21:32:55.591421,sit,0,134.8,2109.3,33.7,1.05,2223.0
2026-06-29T21:32:55.943338,sit,0,134.8,2109.8,33.9,1.05,2223.0
2026-06-29T21:32:57.122716,sit,0,134.8,2103.6,42.2,1.06,2223.0
2026-06-29T21:32:57.211034,sit,0,134.8,2099.9,45.3,1.06,2223.0
2026-06-29T21:32:57.254278,sit,0,134.8,2098.9,41.4,1.06,2217.0
2026-06-29T21:32:57.692155,sit,0,134.8,2098.0,40.8,1.06,2217.0
2026-06-29T21:32:58.128881,sit,0,134.8,2100.5,48.3,1.07,2238.1
2026-06-29T21:32:58.351183,sit,0,134.8,2100.1,47.2,1.07,2238.1
2026-06-29T21:32:58.698874,sit,0,134.8,2105.1,38.9,1.06,2238.1
2026-06-29T21:32:59.135186,sit,0,134.8,2108.5,33.9,1.06,2238.1
2026-06-29T21:32:59.528939,sit,0,134.8,2104.0,29.0,1.06,2238.1
2026-06-29T21:32:59.880911,sit,0,134.8,2103.0,28.7,1.06,2238.1
2026-06-29T21:33:00.317731,sit,0,134.8,2101.0,11.4,1.01,2123.7
2026-06-29T21:33:00.755168,sit,0,130.9,2101.4,11.1,1.01,2126.8
2026-06-29T21:33:01.148890,sit,0,130.9,2102.2,11.1,1.01,2126.8
2026-06-29T21:33:01.500240,sit,0,124.6,2101.6,10.9,1.01,2126.8
2026-06-29T21:33:01.892023,sit,0,129.2,2102.3,10.4,1.01,2126.8
2026-06-29T21:33:02.286228,sit,0,132.1,2103.0,9.8,1.01,2126.8
2026-06-29T21:33:02.680486,sit,0,129.1,2103.2,19.3,1.04,2193.2
2026-06-29T21:33:03.117847,sit,0,127.5,2102.1,19.1,1.04,2193.2
2026-06-29T21:33:03.599093,sit,0,127.5,2101.2,19.0,1.04,2193.2
2026-06-29T21:33:03.949140,sit,0,126.2,2100.9,19.4,1.04,2193.2
2026-06-29T21:33:04.299833,sit,0,130.4,2100.3,19.4,1.04,2193.2
2026-06-29T21:33:04.692978,sit,0,124.4,2099.7,19.3,1.04,2193.2
2026-06-29T21:33:05.129472,sit,0,129.0,2099.6,9.1,1.01,2125.7
2026-06-29T21:33:05.480363,sit,0,124.4,2099.9,9.3,1.01,2125.7
2026-06-29T21:33:05.874904,sit,0,124.4,2099.8,9.2,1.01,2125.7
2026-06-29T21:33:06.354330,sit,0,124.4,2100.1,8.7,1.01,2120.8
2026-06-29T21:33:06.705199,sit,0,129.3,2100.0,8.4,1.01,2120.8
2026-06-29T21:33:07.274333,sit,0,127.6,2101.4,9.5,1.01,2123.8
2026-06-29T21:33:07.754229,sit,0,126.5,2101.1,12.4,1.02,2133.3
2026-06-29T21:33:08.193304,sit,0,126.5,2101.2,12.6,1.02,2133.3
2026-06-29T21:33:08.411925,sit,0,125.9,2101.0,12.9,1.02,2133.3
2026-06-29T21:33:08.761042,sit,0,125.9,2100.9,12.7,1.02,2133.3
2026-06-29T21:33:09.112516,sit,0,125.4,2101.0,12.6,1.02,2133.3
2026-06-29T21:33:09.549029,sit,0,129.8,2099.9,12.7,1.02,2133.3
2026-06-29T21:33:09.942201,sit,0,129.8,2099.9,10.6,1.01,2123.9
2026-06-29T21:33:10.380874,sit,0,129.8,2099.6,10.2,1.01,2123.9
2026-06-29T21:33:10.730285,sit,0,127.9,2099.8,10.4,1.01,2123.9
2026-06-29T21:33:11.080586,sit,0,127.9,2099.6,10.2,1.01,2123.9
2026-06-29T21:33:11.605147,sit,0,126.4,2099.7,10.7,1.01,2123.9
2026-06-29T21:33:11.912895,sit,0,130.6,2099.4,9.8,1.01,2123.9
2026-06-29T21:33:12.393620,sit,0,124.5,2100.0,9.7,1.01,2120.5
2026-06-29T21:33:13.005265,sit,0,124.6,2100.8,9.9,1.01,2125.8
2026-06-29T21:33:13.355861,sit,0,124.7,2101.5,9.6,1.01,2125.8
2026-06-29T21:33:13.528982,sit,0,124.7,2101.3,10.2,1.01,2125.8
2026-06-29T21:33:14.054824,sit,0,125.6,2101.1,9.9,1.01,2125.8
2026-06-29T21:33:14.274280,sit,0,121.6,2102.1,11.9,1.01,2133.6
2026-06-29T21:33:14.712675,sit,0,123.0,2102.1,11.7,1.01,2133.6
2026-06-29T21:33:15.105556,sit,0,123.7,2102.1,11.6,1.01,2133.6
2026-06-29T21:33:15.499817,sit,0,124.2,2101.8,12.4,1.02,2133.6
2026-06-29T21:33:16.068616,sit,0,124.2,2102.4,12.3,1.01,2133.6
2026-06-29T21:33:16.373701,sit,0,120.6,2102.8,12.2,1.01,2133.6
2026-06-29T21:33:16.810834,sit,0,126.8,2102.2,11.0,1.01,2132.6
2026-06-29T21:33:17.118991,sit,0,130.6,2102.3,11.5,1.01,2132.6
2026-06-29T21:33:17.599334,sit,0,124.4,2102.2,11.5,1.01,2132.6
2026-06-29T21:33:18.035721,sit,0,124.6,2101.8,11.3,1.01,2125.3
2026-06-29T21:33:18.562283,sit,0,124.6,2101.1,13.3,1.01,2125.3
2026-06-29T21:33:18.693978,sit,0,120.9,2101.2,13.7,1.01,2125.3
2026-06-29T21:33:19.393452,sit,0,127.0,2101.4,13.4,1.01,2125.3
2026-06-29T21:33:19.657438,sit,0,126.2,2100.7,16.2,1.02,2147.3
2026-06-29T21:33:20.225091,sit,0,125.6,2100.8,16.9,1.02,2147.3
2026-06-29T21:33:20.442588,sit,0,125.6,2101.1,16.7,1.02,2147.3
2026-06-29T21:33:20.792077,sit,0,121.2,2101.9,15.2,1.02,2147.3
2026-06-29T21:33:21.229423,sit,0,123.0,2101.0,15.9,1.02,2147.3
2026-06-29T21:33:21.623519,sit,0,124.7,2100.1,15.7,1.02,2147.3
2026-06-29T21:33:21.931544,sit,0,120.9,2100.4,13.2,1.02,2133.8
2026-06-29T21:33:22.454684,sit,0,120.9,2100.3,12.5,1.01,2124.6
2026-06-29T21:33:22.980092,sit,0,118.5,2100.3,12.5,1.01,2124.6
2026-06-29T21:33:23.112903,sit,0,117.4,2101.1,12.2,1.01,2124.6
2026-06-29T21:33:23.680128,sit,0,120.3,2101.7,11.7,1.01,2124.6
2026-06-29T21:33:24.075176,sit,0,118.3,2102.3,11.7,1.01,2124.6
2026-06-29T21:33:24.555641,sit,0,118.3,2101.8,11.2,1.01,2124.4
2026-06-29T21:33:24.775492,sit,0,120.7,2100.7,10.9,1.01,2124.4
2026-06-29T21:33:25.169050,sit,0,122.6,2100.2,10.6,1.01,2124.4
2026-06-29T21:33:25.605241,sit,0,116.4,2099.1,10.2,1.01,2124.4
2026-06-29T21:33:25.998568,sit,0,119.7,2100.0,9.9,1.01,2124.3
2026-06-29T21:33:26.610684,sit,0,119.7,2100.1,10.3,1.01,2128.2
2026-06-29T21:33:26.700084,sit,0,121.6,2100.6,9.9,1.01,2128.2
2026-06-29T21:33:27.224195,sit,0,121.6,2101.4,18.6,1.02,2136.3
2026-06-29T21:33:27.531540,sit,0,121.6,2103.3,20.8,1.02,2144.0
2026-06-29T21:33:27.969685,sit,0,123.0,2102.4,22.2,1.02,2144.0
2026-06-29T21:33:28.318952,sit,0,123.0,2101.8,23.7,1.02,2148.0
2026-06-29T21:33:28.842453,sit,0,123.0,2102.5,23.5,1.02,2148.0
2026-06-29T21:33:29.150306,sit,0,123.0,2102.5,23.6,1.02,2148.0
2026-06-29T21:33:29.542326,sit,0,123.0,2102.0,17.5,1.02,2148.0
2026-06-29T21:33:29.937462,sit,0,123.0,2100.7,14.9,1.02,2148.0
2026-06-29T21:33:30.331392,sit,0,123.0,2100.9,13.0,1.02,2148.0
2026-06-29T21:33:30.682445,sit,0,123.0,2100.8,9.5,1.01,2121.5
2026-06-29T21:33:31.162507,sit,0,116.6,2099.9,9.3,1.01,2121.5
2026-06-29T21:33:32.079983,sit,0,116.0,2099.7,8.7,1.01,2121.5
2026-06-29T21:33:32.081012,sit,0,116.0,2100.3,8.8,1.01,2121.5
2026-06-29T21:33:32.342971,sit,0,119.6,2100.2,8.4,1.01,2119.3
2026-06-29T21:33:32.779861,sit,0,114.5,2101.1,8.5,1.01,2125.2
2026-06-29T21:33:33.219165,sit,0,114.8,2100.8,8.5,1.01,2125.2
2026-06-29T21:33:33.654653,sit,0,114.8,2101.1,8.7,1.01,2125.2
2026-06-29T21:33:33.918242,sit,0,115.0,2101.2,8.3,1.01,2125.2
2026-06-29T21:33:34.487244,sit,0,111.8,2101.0,8.5,1.01,2125.2
2026-06-29T21:33:34.793459,sit,0,113.1,2100.6,8.9,1.01,2125.2
2026-06-29T21:33:35.274633,sit,0,113.1,2100.6,9.3,1.01,2128.5
2026-06-29T21:33:35.624696,sit,0,114.0,2100.9,10.0,1.01,2128.5
2026-06-29T21:33:36.368024,sit,0,114.5,2100.7,9.9,1.01,2128.5
2026-06-29T21:33:36.499749,sit,0,114.5,2101.1,10.2,1.01,2128.5
2026-06-29T21:33:36.850143,sit,0,114.5,2100.5,11.2,1.01,2128.5
2026-06-29T21:33:37.507621,sit,0,114.7,2100.6,11.3,1.01,2128.5
2026-06-29T21:33:37.507821,sit,0,116.0,2100.7,11.6,1.01,2122.4
2026-06-29T21:33:38.861698,sit,0,115.6,2101.0,10.8,1.01,2120.5
2026-06-29T21:33:38.949058,sit,0,115.5,2100.6,10.4,1.01,2120.5
2026-06-29T21:33:39.124183,sit,0,115.5,2099.6,12.3,1.01,2129.0
2026-06-29T21:33:39.298509,sit,0,115.4,2100.3,20.6,1.03,2170.7
2026-06-29T21:33:39.605397,sit,0,115.4,2099.6,22.2,1.03,2170.7
2026-06-29T21:33:39.913602,sit,0,115.4,2099.7,22.1,1.03,2170.7
2026-06-29T21:33:40.307594,sit,0,115.4,2100.1,23.6,1.03,2170.7
2026-06-29T21:33:41.006237,sit,0,115.4,2100.4,29.7,1.04,2191.2
2026-06-29T21:33:41.138154,sit,0,115.4,2100.3,32.3,1.04,2191.2
2026-06-29T21:33:41.487432,sit,0,115.4,2101.1,34.3,1.04,2191.2
2026-06-29T21:33:42.013621,sit,0,115.4,2100.8,36.7,1.04,2191.2
2026-06-29T21:33:42.361713,sit,0,115.3,2102.0,40.4,1.04,2191.2
2026-06-29T21:33:42.844380,sit,0,115.3,2100.7,39.9,1.04,2191.2
2026-06-29T21:33:43.150822,sit,0,115.3,2100.3,35.9,1.04,2181.5
2026-06-29T21:33:43.588206,sit,0,115.3,2101.5,33.0,1.04,2181.5
2026-06-29T21:33:44.024394,sit,0,119.3,2100.2,25.8,1.04,2181.5
2026-06-29T21:33:44.550848,sit,0,119.3,2101.7,20.5,1.04,2181.5
2026-06-29T21:33:44.812857,sit,0,119.3,2100.4,10.7,1.01,2124.4
2026-06-29T21:33:45.118946,sit,0,119.3,2101.3,9.5,1.01,2124.4
2026-06-29T21:33:45.513025,sit,0,118.4,2101.4,9.4,1.01,2121.3
2026-06-29T21:33:45.992977,stand,0,121.2,2101.0,9.3,1.01,2122.1
2026-06-29T21:33:46.300191,stand,0,115.5,2100.8,9.2,1.01,2122.1
2026-06-29T21:33:46.694740,stand,0,119.2,2099.8,9.6,1.01,2124.9
2026-06-29T21:33:47.088221,stand,0,119.2,2099.5,10.5,1.01,2124.9
2026-06-29T21:33:47.698665,stand,0,121.3,2098.4,10.8,1.01,2124.9
2026-06-29T21:33:47.919581,stand,0,119.0,2098.8,10.4,1.01,2124.9
2026-06-29T21:33:48.313124,stand,0,117.5,2098.5,11.5,1.02,2132.4
2026-06-29T21:33:48.750688,stand,0,116.6,2124.0,86.5,1.21,2579.7
2026-06-29T21:33:49.232532,stand,0,116.6,2144.4,184.9,1.37,2933.8
2026-06-29T21:33:50.105826,stand,0,116.6,2091.3,264.1,1.4,2933.8
2026-06-29T21:33:50.587090,stand,0,116.6,2079.2,279.8,1.41,2933.8
2026-06-29T21:33:50.805124,stand,0,116.6,2079.8,283.4,1.41,2933.8
2026-06-29T21:33:51.199340,stand,0,116.6,2073.4,284.0,1.41,2933.8
2026-06-29T21:33:51.330502,stand,0,116.6,2039.1,265.1,1.44,2933.8
2026-06-29T21:33:51.725434,stand,0,116.6,2008.7,195.5,1.16,2327.1
2026-06-29T21:33:51.943558,stand,0,116.6,2053.3,105.8,1.13,2327.1
2026-06-29T21:33:52.863346,stand,0,116.6,2056.1,56.6,1.13,2327.1
2026-06-29T21:33:52.863760,stand,0,116.6,2045.1,27.6,1.05,2152.5
2026-06-29T21:33:53.168123,stand,0,116.6,2041.5,22.2,1.02,2085.0
2026-06-29T21:33:54.043119,stand,0,116.6,2041.6,24.3,1.03,2108.2
2026-06-29T21:33:54.044134,stand,0,116.6,2040.7,24.8,1.03,2108.2
2026-06-29T21:33:55.051359,stand,0,116.6,2038.3,23.0,1.03,2108.2
2026-06-29T21:33:55.051532,stand,0,116.6,2039.2,22.1,1.03,2108.2
2026-06-29T21:33:55.224902,stand,0,116.6,2038.9,22.1,1.03,2108.2
2026-06-29T21:33:56.012006,stand,0,116.6,2040.0,18.8,1.03,2108.2
2026-06-29T21:33:56.230412,stand,0,116.6,2039.2,15.7,1.02,2080.8
2026-06-29T21:33:56.451381,stand,0,116.6,2035.2,54.5,1.13,2301.7
2026-06-29T21:33:56.799624,stand,0,116.6,2055.4,84.4,1.19,2454.4
2026-06-29T21:33:57.280561,stand,0,116.6,2061.9,101.7,1.19,2454.4
2026-06-29T21:33:57.893486,stand,0,116.6,2049.0,117.7,1.2,2454.4
2026-06-29T21:33:58.111965,stand,0,116.6,2053.5,138.6,1.2,2454.4
2026-06-29T21:33:58.419358,stand,0,116.6,2058.0,144.3,1.19,2454.4
2026-06-29T21:33:59.161968,stand,0,116.6,2065.1,135.3,1.19,2454.4
2026-06-29T21:33:59.164100,stand,0,116.6,2047.2,120.9,1.17,2405.3
2026-06-29T21:33:59.513773,stand,0,116.6,2041.6,106.5,1.14,2335.7
2026-06-29T21:34:00.956341,stand,0,116.1,2055.6,90.8,1.14,2335.7
2026-06-29T21:34:01.349443,stand,0,116.1,2050.3,59.8,1.12,2297.0
2026-06-29T21:34:01.569018,stand,0,116.1,2052.6,61.3,1.1,2253.2
2026-06-29T21:34:02.049140,stand,0,116.1,2053.7,59.6,1.1,2253.2
2026-06-29T21:34:02.137417,stand,0,116.1,2052.9,59.6,1.1,2253.2
2026-06-29T21:34:02.707988,stand,0,116.1,2053.5,59.8,1.1,2253.2
2026-06-29T21:34:02.708154,stand,0,112.5,2039.9,116.7,1.11,2267.7
2026-06-29T21:34:02.711622,stand,0,112.5,2044.0,116.1,1.11,2267.7
2026-06-29T21:34:03.624498,stand,0,112.5,2042.3,108.7,1.11,2267.7
2026-06-29T21:34:03.712814,stand,0,112.5,2066.4,129.6,1.12,2314.5
2026-06-29T21:34:04.238873,stand,0,112.5,2053.8,135.3,1.13,2314.5
2026-06-29T21:34:04.282090,stand,0,112.5,2063.0,139.1,1.12,2314.5
2026-06-29T21:34:04.718415,stand,0,112.5,2069.4,100.4,1.12,2314.5
2026-06-29T21:34:05.200863,stand,0,112.5,2077.9,110.4,1.11,2314.5
2026-06-29T21:34:05.726478,stand,0,112.5,2072.6,121.0,1.12,2314.5
2026-06-29T21:34:08.962220,stand,0,112.5,2056.2,100.6,1.08,2223.1
2026-06-29T21:34:09.486631,stand,0,112.5,2071.2,97.6,1.07,2223.1
2026-06-29T21:34:10.274813,stand,0,112.5,2059.5,92.8,1.08,2223.1
2026-06-29T21:34:10.318866,stand,0,112.5,2067.4,84.2,1.08,2223.1
2026-06-29T21:34:10.494076,stand,0,112.5,2053.1,68.7,1.07,2192.8
2026-06-29T21:34:10.670784,stand,0,112.5,2053.1,75.3,1.12,2304.4
2026-06-29T21:34:11.150049,stand,0,112.5,2050.1,78.2,1.12,2304.4
2026-06-29T21:34:11.414319,stand,0,112.5,2050.8,130.4,1.37,2805.8
2026-06-29T21:34:11.936761,stand,0,112.5,2046.5,133.4,1.37,2805.8
2026-06-29T21:34:12.331262,stand,0,112.5,2049.7,141.8,1.37,2805.8
2026-06-29T21:34:12.550402,stand,0,112.5,2050.5,142.1,1.37,2805.8
2026-06-29T21:34:13.032893,stand,0,112.5,2048.7,135.9,1.37,2805.8
2026-06-29T21:34:13.033938,stand,0,112.5,2049.8,141.2,1.37,2805.8
2026-06-29T21:34:13.949795,stand,0,112.5,2044.5,90.0,1.11,2270.1
2026-06-29T21:34:14.037947,stand,0,112.5,2049.9,85.4,1.11,2270.1
2026-06-29T21:34:14.081837,stand,0,112.5,2045.8,70.4,1.11,2270.1
2026-06-29T21:34:14.083035,stand,0,107.4,2046.4,71.8,1.11,2270.1
2026-06-29T21:34:14.085980,stand,0,107.4,2049.0,62.2,1.11,2270.1
2026-06-29T21:34:14.650025,stand,0,104.4,2039.6,38.3,1.06,2156.7
2026-06-29T21:34:14.737331,stand,0,105.5,2040.2,39.8,1.06,2156.7
2026-06-29T21:34:16.487539,stand,0,105.5,2039.1,51.2,1.06,2168.8
2026-06-29T21:34:18.501781,stand,0,105.5,2039.3,54.3,1.06,2168.8
2026-06-29T21:34:19.243928,stand,0,105.5,2041.2,51.1,1.06,2168.8
2026-06-29T21:34:19.989430,stand,0,105.5,2040.1,47.6,1.06,2168.8
2026-06-29T21:34:20.512821,stand,0,105.5,2041.9,46.8,1.06,2168.8
2026-06-29T21:34:21.300026,stand,0,105.5,2042.2,43.7,1.06,2168.8
2026-06-29T21:34:21.389917,stand,0,109.4,2043.3,28.4,1.04,2116.6
2026-06-29T21:34:26.374799,stand,0,109.2,2042.8,22.6,1.04,2116.6
2026-06-29T21:34:26.419277,stand,0,109.2,2042.4,17.2,1.02,2085.7
2026-06-29T21:34:26.463525,stand,0,108.3,2042.6,19.2,1.02,2089.7
2026-06-29T21:34:26.550664,stand,0,111.1,2041.8,18.5,1.02,2089.7
2026-06-29T21:34:26.681735,stand,0,106.6,2042.0,18.1,1.02,2089.7
2026-06-29T21:34:26.682844,stand,0,106.6,2041.3,18.4,1.02,2089.7
2026-06-29T21:34:26.769734,stand,0,113.8,2040.3,17.9,1.02,2089.7
2026-06-29T21:34:26.813118,stand,0,114.5,2039.2,16.5,1.02,2089.7
2026-06-29T21:34:27.250282,stand,0,114.8,2039.8,13.8,1.02,2071.9
2026-06-29T21:34:27.513786,stand,0,115.0,2039.6,13.2,1.01,2067.2
2026-06-29T21:34:29.700041,stand,0,115.0,2039.5,12.5,1.01,2067.2
2026-06-29T21:34:30.663934,stand,0,115.0,2039.3,13.5,1.01,2067.2
2026-06-29T21:34:30.751059,stand,0,115.0,2038.6,22.8,1.05,2138.8
2026-06-29T21:34:31.363106,stand,0,123.6,2044.6,34.9,1.05,2157.0
2026-06-29T21:34:31.538492,stand,0,123.6,2051.9,44.0,1.06,2168.9
2026-06-29T21:34:31.625932,stand,0,123.6,2054.4,57.1,1.08,2224.1
2026-06-29T21:34:31.844387,stand,0,123.6,2058.2,77.6,1.14,2338.4
2026-06-29T21:34:32.150493,stand,0,128.7,2063.0,79.9,1.13,2338.4
2026-06-29T21:34:32.588045,stand,0,127.1,2053.8,139.4,1.36,2787.7
2026-06-29T21:34:32.894305,stand,0,127.1,2061.7,139.6,1.35,2787.7
2026-06-29T21:34:33.200896,stand,0,127.1,2048.2,95.0,1.12,2287.0
2026-06-29T21:34:33.201221,stand,0,127.1,2050.5,71.4,1.12,2287.0
2026-06-29T21:34:33.420136,stand,0,127.1,2051.7,63.9,1.11,2287.0
2026-06-29T21:34:33.639966,stand,0,127.1,2049.8,59.5,1.12,2287.0
2026-06-29T21:34:33.640300,stand,0,127.1,2049.2,58.1,1.12,2287.0
2026-06-29T21:34:33.642102,stand,0,127.1,2048.6,28.2,1.03,2118.6
2026-06-29T21:34:33.644335,stand,0,127.1,2047.5,23.4,1.03,2118.6
2026-06-29T21:34:33.648268,stand,0,127.1,2048.2,20.0,1.03,2118.6
2026-06-29T21:34:33.682394,stand,0,122.3,2045.6,16.7,1.02,2085.3
2026-06-29T21:34:33.683859,stand,0,122.3,2047.2,15.3,1.02,2085.3
2026-06-29T21:34:33.725216,stand,0,116.3,2046.7,13.1,1.02,2085.3
2026-06-29T21:34:33.769958,stand,0,119.6,2046.6,12.1,1.01,2068.3
2026-06-29T21:34:33.771195,stand,0,115.3,2046.7,11.8,1.01,2068.3
2026-06-29T21:34:33.773187,stand,0,115.3,2045.9,11.7,1.01,2067.4
2026-06-29T21:34:33.775421,stand,0,115.3,2046.9,10.0,1.01,2067.4
2026-06-29T21:34:33.777060,stand,0,115.3,2045.8,10.7,1.01,2067.4
2026-06-29T21:34:33.902061,stand,0,115.3,2046.6,11.6,1.02,2080.4
2026-06-29T21:34:34.425074,stand,0,115.3,2045.9,11.8,1.02,2080.4
2026-06-29T21:34:34.734687,stand,0,111.9,2046.0,11.6,1.02,2080.4
2026-06-29T21:34:35.300225,stand,0,113.4,2048.0,11.2,1.02,2080.4
2026-06-29T21:34:35.477361,stand,0,113.4,2047.0,20.8,1.04,2122.3
2026-06-29T21:34:36.132464,stand,0,113.4,2047.2,24.1,1.04,2122.3
2026-06-29T21:34:36.396135,stand,0,113.4,2046.9,38.2,1.06,2175.4
2026-06-29T21:34:36.963012,stand,0,113.4,2047.6,40.5,1.06,2175.4
2026-06-29T21:34:37.487391,stand,0,113.4,2046.9,41.2,1.06,2175.4
2026-06-29T21:34:37.795133,stand,0,113.4,2046.5,42.8,1.06,2175.4
2026-06-29T21:34:38.100773,stand,0,114.1,2047.2,41.3,1.06,2175.4
2026-06-29T21:34:38.365259,stand,0,111.3,2046.6,44.0,1.06,2175.4
2026-06-29T21:34:38.890711,stand,0,111.3,2047.9,34.0,1.03,2117.7
2026-06-29T21:34:39.371513,stand,0,111.3,2051.2,37.2,1.07,2197.3
2026-06-29T21:34:39.502618,stand,0,111.3,2050.2,42.5,1.07,2197.3
2026-06-29T21:34:40.856855,stand,0,111.3,2049.0,44.8,1.07,2197.3
2026-06-29T21:34:42.607415,stand,0,111.3,2049.8,42.9,1.07,2197.3
2026-06-29T21:34:44.445716,stand,0,111.3,2050.4,38.2,1.07,2197.3
2026-06-29T21:34:45.888463,stand,0,111.3,2047.3,37.7,1.07,2197.3
2026-06-29T21:34:47.769872,lying,0,111.3,2043.7,31.3,1.04,2127.3
2026-06-29T21:34:49.082380,lying,0,111.3,2044.7,22.5,1.04,2127.3
2026-06-29T21:34:49.651227,lying,0,111.3,2044.3,13.3,1.01,2074.6
2026-06-29T21:34:50.045190,lying,0,111.3,2042.2,12.9,1.02,2074.6
2026-06-29T21:34:50.744850,lying,0,100.1,2040.7,13.5,1.01,2071.0
2026-06-29T21:34:52.363906,lying,0,100.1,2041.9,12.0,1.01,2071.0
2026-06-29T21:34:52.364444,lying,0,100.1,2040.8,11.0,1.01,2071.0
2026-06-29T21:34:52.537918,lying,0,100.1,2040.3,11.1,1.02,2071.0
2026-06-29T21:34:52.539577,lying,0,100.1,2041.0,11.2,1.01,2071.0
2026-06-29T21:34:52.583510,lying,0,100.1,2041.4,11.5,1.01,2071.0
2026-06-29T21:34:52.626343,lying,0,100.1,2042.1,9.7,1.01,2065.2
2026-06-29T21:34:52.670282,lying,0,100.1,2042.6,10.3,1.01,2065.2
2026-06-29T21:34:52.670609,lying,0,100.1,2041.4,24.2,1.05,2137.2
2026-06-29T21:34:52.673083,lying,0,100.1,2042.0,42.9,1.09,2229.1
2026-06-29T21:34:52.674991,lying,0,100.1,2041.2,44.1,1.09,2229.1
2026-06-29T21:34:52.676823,lying,0,91.6,2042.7,45.7,1.09,2229.1
2026-06-29T21:34:52.678837,lying,0,91.6,2042.0,47.5,1.09,2229.1
2026-06-29T21:34:52.681001,lying,0,101.9,2041.0,48.2,1.09,2229.1
2026-06-29T21:34:52.684801,lying,0,101.9,2040.9,55.4,1.09,2229.1
2026-06-29T21:34:52.685243,lying,0,101.9,2044.4,46.2,1.06,2162.8
2026-06-29T21:34:52.687455,lying,0,101.9,2042.3,45.6,1.06,2162.8
2026-06-29T21:34:52.689361,lying,0,101.9,2045.2,46.1,1.06,2162.8
2026-06-29T21:34:52.691799,lying,0,101.9,2049.1,37.7,1.04,2126.4
2026-06-29T21:34:52.693178,lying,0,101.9,2051.8,115.2,1.26,2590.5
2026-06-29T21:34:53.195498,lying,0,96.5,2058.8,133.4,1.26,2590.5
2026-06-29T21:34:53.590665,lying,0,96.5,2067.1,162.0,1.25,2590.5
2026-06-29T21:34:53.982935,lying,0,103.8,2070.6,167.6,1.25,2590.5
2026-06-29T21:34:57.570421,lying,0,97.6,2063.2,198.1,1.26,2590.5
2026-06-29T21:34:58.182977,lying,0,97.6,2057.1,217.3,1.42,2912.5
2026-06-29T21:35:01.570863,lying,0,97.6,2084.2,267.7,1.49,3109.1
2026-06-29T21:35:02.295114,lying,0,97.6,2054.8,283.6,1.51,3109.1
2026-06-29T21:35:02.645032,lying,0,97.6,2108.1,351.9,1.49,3142.4
2026-06-29T21:35:02.909091,lying,0,97.6,2077.0,365.7,1.51,3142.4
2026-06-29T21:35:03.870437,lying,0,97.6,2095.4,362.7,1.5,3142.4
2026-06-29T21:35:04.133135,lying,0,97.6,2079.7,358.2,1.51,3142.4
2026-06-29T21:35:05.839089,lying,0,97.6,2093.5,323.2,1.5,3142.4
2026-06-29T21:35:06.276370,lying,0,97.6,2123.9,299.6,1.48,3142.4
2026-06-29T21:35:06.802723,lying,0,97.6,2042.5,214.2,1.2,2457.0
2026-06-29T21:35:07.634563,lying,0,97.6,2054.5,227.9,1.2,2457.0
2026-06-29T21:35:07.809611,lying,0,97.6,2100.7,256.8,1.25,2622.9
2026-06-29T21:35:07.809985,lying,0,97.6,2104.9,246.7,1.25,2622.9
