elapsed_ms,label,is_transition,activity_class,bpm,mean_mag,std_mag,peak_rel,peak_max,ppg_contact,bpm_fresh
49945,lying,1,0,75.00,2123.7,10.4,1.01,2146.3,1,0
50345,lying,1,0,75.00,2123.1,11.7,1.01,2148.4,1,0
50747,lying,1,0,75.00,2122.0,12.7,1.01,2148.4,1,0
51147,lying,1,0,75.00,2122.8,16.3,1.02,2164.0,1,0
51546,lying,1,0,75.00,2123.7,19.4,1.02,2165.0,1,0
51947,lying,1,0,75.00,2121.5,20.5,1.02,2165.0,1,0
52423,lying,1,0,75.00,2120.8,20.1,1.02,2165.0,1,0
52747,lying,1,0,75.00,2121.3,20.1,1.02,2165.0,1,0
53165,lying,1,0,75.00,2121.4,19.8,1.02,2165.0,1,0
53545,lying,1,0,75.00,2120.9,16.9,1.02,2165.0,1,0
53948,lying,1,0,75.00,2120.2,13.0,1.02,2164.0,1,0
54348,lying,1,0,75.00,2120.5,10.9,1.02,2164.0,1,0
54756,lying,1,0,75.00,2121.3,11.2,1.02,2164.0,1,0
55148,lying,1,0,75.00,2120.8,9.9,1.01,2143.0,1,0
55548,lying,1,0,75.00,2130.7,32.6,1.05,2236.7,1,0
55947,lying,1,0,75.00,2123.3,39.7,1.05,2236.7,1,0
56349,lying,1,0,75.00,2122.7,40.0,1.05,2236.7,1,0
56788,lying,1,0,75.00,2119.7,43.2,1.06,2236.7,1,0
57147,lying,1,0,75.00,2122.3,48.1,1.05,2236.7,1,0
57549,lying,1,0,75.00,2125.0,50.8,1.05,2236.7,1,0
57972,lying,1,0,75.00,2115.8,40.1,1.04,2198.0,1,0
58349,lying,1,0,75.00,2123.3,34.9,1.04,2198.0,1,0
58751,lying,1,0,75.00,2123.5,34.7,1.04,2198.0,1,0
59173,lying,1,0,75.00,2126.9,30.1,1.03,2198.0,1,0
59548,lying,1,0,75.00,2124.3,22.1,1.03,2177.8,1,0
59951,lying,1,0,75.00,2122.6,14.8,1.01,2150.4,1,0
60348,lying,1,0,75.00,2122.5,10.6,1.01,2147.0,1,0
60751,lying,1,0,75.00,2123.6,10.8,1.01,2148.0,1,0
61149,lying,1,0,75.00,2124.1,10.5,1.01,2148.0,1,0
61550,lying,1,0,75.00,2123.4,11.0,1.01,2148.0,1,0
61988,lying,1,0,75.00,2122.8,9.9,1.01,2148.0,1,0
62348,lying,1,0,75.00,2122.9,9.8,1.01,2148.0,1,0
62770,lying,1,0,75.00,2123.2,10.4,1.01,2148.0,1,0
63148,lying,1,0,75.00,2123.0,10.4,1.01,2152.7,1,0
63558,lying,1,0,75.00,2122.9,10.0,1.01,2152.7,1,0
64017,lying,1,0,75.00,2123.6,9.3,1.01,2152.7,1,0
64350,lying,1,0,75.00,2123.7,9.3,1.01,2152.7,1,0
64751,lying,1,0,75.00,2123.1,9.2,1.01,2152.7,1,0
65151,lying,0,0,75.00,2121.9,10.2,1.01,2152.7,1,0
65551,lying,0,0,75.00,2120.5,9.2,1.01,2137.8,1,0
65965,lying,0,0,75.00,2111.2,23.5,1.01,2137.8,1,0
66352,lying,0,0,75.00,2129.5,58.7,1.10,2348.1,1,0
66751,lying,0,0,75.00,2129.6,62.4,1.10,2348.1,1,0
67154,lying,0,0,75.00,2121.6,68.1,1.11,2348.1,1,0
67626,lying,0,0,75.00,2116.6,70.6,1.11,2348.1,1,0
67951,lying,0,0,75.00,2106.0,75.2,1.11,2348.1,1,0
68364,lying,0,0,75.00,2109.9,73.7,1.11,2348.1,1,0
68873,lying,0,0,75.00,2086.6,40.9,1.06,2202.1,1,0
69150,lying,0,0,75.00,2079.8,32.3,1.04,2154.5,1,0
69566,lying,0,0,75.00,2085.2,29.7,1.03,2148.2,1,0
69951,lying,0,0,75.00,2085.5,26.3,1.03,2138.3,1,0
70353,lying,0,0,75.00,2090.0,20.8,1.02,2138.3,1,0
70751,lying,0,0,75.00,2086.7,22.8,1.02,2138.3,1,0
71153,lying,0,0,75.00,2088.3,23.6,1.02,2138.3,1,0
71560,lying,0,0,75.00,2089.4,22.5,1.02,2138.3,1,0
71952,lying,0,0,75.00,2086.8,21.7,1.02,2129.5,1,0
72398,lying,0,0,75.00,2088.4,23.7,1.02,2140.6,1,0
72751,lying,0,0,75.00,2088.0,26.1,1.03,2140.6,1,0
73156,lying,0,0,75.00,2091.9,37.8,1.05,2204.1,1,0
73596,lying,0,0,75.00,2093.9,40.8,1.05,2204.1,1,0
73953,lying,0,0,75.00,2090.0,44.1,1.05,2204.1,1,0
74398,lying,0,0,75.00,2074.1,59.0,1.06,2204.1,1,0
74754,lying,0,0,75.00,2072.0,63.1,1.06,2204.1,1,0
75164,lying,0,0,70.83,2087.0,98.7,1.18,2460.2,1,1
75553,lying,0,0,70.83,2081.9,94.8,1.18,2460.2,1,1
75974,lying,0,0,70.83,2071.9,93.1,1.19,2460.2,1,1
76354,lying,0,0,70.83,2069.4,92.4,1.19,2460.2,1,1
76746,lying,0,0,70.83,2079.5,85.0,1.18,2460.2,1,1
77190,lying,0,0,70.83,2073.5,81.5,1.19,2460.2,1,1
77546,lying,0,0,70.83,2052.7,14.0,1.03,2105.1,1,1
78190,lying,0,0,70.83,2050.2,8.9,1.01,2066.4,1,1
78346,lying,0,0,70.83,2049.9,8.5,1.01,2066.4,1,1
78744,lying,0,0,70.83,2049.4,7.1,1.01,2066.4,1,1
79200,lying,0,0,70.83,2048.8,6.2,1.01,2061.0,1,0
79544,lying,0,0,70.83,2048.9,5.8,1.01,2061.0,1,0
79978,lying,0,0,70.83,2049.3,5.3,1.01,2061.0,1,0
80345,lying,0,0,70.83,2049.2,5.1,1.01,2061.0,1,0
80746,lying,0,0,70.83,2049.1,5.1,1.01,2059.8,1,0
81144,lying,0,0,70.83,2049.1,5.5,1.01,2061.3,1,0
81546,lying,0,0,70.83,2048.7,5.5,1.01,2061.3,1,0
81986,lying,0,0,70.83,2048.8,6.3,1.01,2064.0,1,0
82358,lying,0,0,70.83,2049.3,6.6,1.01,2064.0,1,0
82785,lying,0,0,70.83,2049.5,6.7,1.01,2064.0,1,0
83145,lying,0,0,70.83,2048.8,7.2,1.01,2064.0,1,0
83547,lying,0,0,70.83,2048.7,7.3,1.01,2064.0,1,0
83946,lying,0,0,70.83,2048.2,7.5,1.01,2064.0,1,0
84347,lying,0,0,70.83,2047.8,7.3,1.01,2064.9,1,0
84814,lying,0,0,70.83,2046.4,8.2,1.01,2064.9,1,0
85145,lying,0,0,70.83,2045.7,8.8,1.01,2064.9,1,0
85547,lying,0,0,70.83,2047.0,11.4,1.02,2093.8,1,0
85945,lying,0,0,70.83,2045.6,17.6,1.02,2093.8,1,0
86349,lying,0,0,70.83,2046.0,22.8,1.02,2093.8,1,0
86786,lying,0,0,70.83,2044.2,25.4,1.02,2093.8,1,0
87171,lying,0,0,70.83,2044.3,25.6,1.02,2093.8,1,0
87568,lying,0,0,70.83,2044.1,25.7,1.02,2093.8,1,0
87946,lying,0,0,70.83,2042.6,24.4,1.02,2082.2,1,0
88349,lying,0,0,70.83,2043.3,20.4,1.02,2082.2,1,0
88747,lying,0,0,70.83,2042.9,14.4,1.01,2073.3,1,0
89149,lying,0,0,70.83,2044.1,9.0,1.01,2062.4,1,0
89634,lying,0,0,70.83,2044.6,7.3,1.01,2057.3,1,0
89947,lying,0,0,70.83,2044.6,7.1,1.01,2058.5,1,0
90356,lying,0,0,70.83,2044.4,6.6,1.01,2058.5,1,0
90748,lying,0,0,70.83,2044.2,7.0,1.01,2058.5,1,0
91149,lying,0,0,70.83,2044.3,7.3,1.01,2059.1,1,0
91587,lying,0,0,70.83,2043.7,7.1,1.01,2059.1,1,0
92191,lying,0,0,70.83,2043.1,7.6,1.01,2059.1,1,0
92360,lying,0,0,70.83,2043.4,7.4,1.01,2059.1,1,0
92748,lying,0,0,70.83,2043.6,7.7,1.01,2059.1,1,0
93151,lying,0,0,70.83,2044.1,7.4,1.01,2059.1,1,0
93550,lying,0,0,70.83,2044.6,7.2,1.01,2063.8,1,0
93950,lying,0,0,70.83,2048.5,14.7,1.03,2103.7,1,0
94386,lying,0,0,70.83,2088.2,92.7,1.13,2370.1,1,0
94749,lying,0,0,70.83,2082.7,102.2,1.14,2370.1,1,0
95193,lying,0,0,70.83,2068.7,127.0,1.15,2370.1,1,0
95549,lying,0,0,70.83,2061.2,140.2,1.15,2370.1,1,0
95951,lying,0,0,70.83,2052.6,151.4,1.15,2370.1,1,0
96350,lying,0,0,70.83,2090.5,256.7,1.59,3316.9,1,0
97007,lying,0,0,70.83,2054.2,241.3,1.61,3316.9,1,0
97174,lying,0,0,70.83,2058.1,238.2,1.61,3316.9,1,0
97550,lying,0,0,70.83,2069.6,227.0,1.60,3316.9,1,0
97995,lying,0,0,70.83,2075.0,219.1,1.60,3316.9,1,0
98350,lying,0,0,70.83,2080.3,211.3,1.59,3316.9,1,0
98751,lying,0,0,70.83,2036.8,26.8,1.08,2201.9,1,0
99152,lying,0,0,70.83,2031.0,6.6,1.01,2047.6,1,0
99552,lying,0,0,70.83,2030.2,7.0,1.01,2045.9,1,0
100003,lying,0,0,70.83,2030.2,7.3,1.01,2045.9,1,0
100352,lying,0,0,70.83,2030.1,7.0,1.01,2044.6,1,0
100793,lying,0,0,70.83,2031.1,7.5,1.01,2046.5,1,0
101554,lying,0,0,70.83,2030.4,7.4,1.01,2046.5,1,0
101633,lying,0,0,70.83,2030.8,7.3,1.01,2046.5,1,0
101952,lying,0,0,70.83,2030.9,7.5,1.01,2046.5,1,0
102412,lying,0,0,70.83,2030.9,7.3,1.01,2046.5,1,0
102752,lying,0,0,70.83,2031.0,7.2,1.01,2046.5,1,0
103192,lying,0,0,70.83,2030.0,6.6,1.01,2045.0,1,0
103552,lying,0,0,70.83,2030.8,6.7,1.01,2045.0,1,0
103963,lying,0,0,70.83,2030.5,7.0,1.01,2045.0,1,0
104352,lying,0,0,70.83,2030.7,5.7,1.01,2041.1,1,0
104754,lying,0,0,70.83,2030.3,5.7,1.01,2041.1,1,0
105152,lying,0,0,70.83,2029.9,5.8,1.01,2041.1,1,0
105557,lying,0,0,70.83,2029.8,5.9,1.01,2041.1,1,0
106059,lying,0,0,70.83,2028.8,5.8,1.01,2039.7,1,0
106343,lying,0,0,70.83,2028.6,5.6,1.00,2037.8,1,0
106754,lying,0,0,70.83,2027.9,5.7,1.00,2037.2,1,0
107152,lying,0,0,70.83,2028.3,5.9,1.00,2037.8,1,0
107554,lying,0,0,70.83,2029.2,6.3,1.01,2040.3,1,0
107992,lying,0,0,70.83,2028.9,6.0,1.01,2040.3,1,0
108354,lying,0,0,70.83,2029.4,6.5,1.01,2043.3,1,0
108786,lying,0,0,70.83,2029.9,6.6,1.01,2043.3,1,0
109144,lying,0,0,70.83,2030.4,6.4,1.01,2043.3,1,0
109618,lying,0,0,70.83,2030.1,6.4,1.01,2043.3,1,0
109945,lying,0,0,70.83,2029.5,6.1,1.01,2043.3,1,0
110356,lying,0,0,70.83,2029.9,6.1,1.01,2043.3,1,0
110865,lying,0,0,70.83,2030.3,5.6,1.01,2040.7,1,0
111145,lying,0,0,70.83,2030.1,5.6,1.01,2040.7,1,0
111554,lying,0,0,70.83,2030.2,6.1,1.01,2049.9,1,0
111945,lying,0,0,70.83,2030.4,6.1,1.01,2049.9,1,0
112347,lying,0,0,70.83,2029.7,6.6,1.01,2049.9,1,0
112744,lying,0,0,70.83,2029.3,7.0,1.01,2049.9,1,0
113146,lying,0,0,70.83,2028.5,7.6,1.01,2049.9,1,0
113544,lying,0,0,70.83,2028.2,7.5,1.01,2049.9,1,0
113946,lying,0,0,70.83,2027.2,6.8,1.01,2042.8,1,0
114379,lying,0,0,70.83,2027.4,6.7,1.01,2042.8,1,0
114747,lying,0,0,70.83,2028.3,6.9,1.01,2042.8,1,0
115165,lying,0,0,70.83,2028.5,6.6,1.01,2042.8,1,0
115719,lying,0,0,70.83,2028.7,5.8,1.01,2040.4,1,0
115947,lying,0,0,70.83,2028.8,5.9,1.01,2040.4,1,0
116346,lying,0,0,70.83,2029.6,6.0,1.01,2042.2,1,0
116747,lying,0,0,70.83,2030.1,6.3,1.01,2043.6,1,0
117161,lying,0,0,70.83,2030.0,6.4,1.01,2043.6,1,0
117548,lying,0,0,70.83,2030.4,6.9,1.01,2047.9,1,0
117981,lying,0,0,70.83,2030.4,7.2,1.01,2047.9,1,0
118347,lying,0,0,70.83,2030.2,7.5,1.01,2047.9,1,0
118749,lying,0,0,70.83,2030.0,7.3,1.01,2047.9,1,0
119147,lying,0,0,70.83,2029.0,8.4,1.01,2047.9,1,0
119548,lying,0,0,70.83,2028.9,9.0,1.01,2051.6,1,0
120149,lying,0,0,70.83,2030.0,20.5,1.07,2169.9,1,0
120349,lying,0,0,70.83,2029.2,40.0,1.07,2169.9,1,0
120748,lying,0,0,70.83,2029.2,40.9,1.07,2169.9,1,0
121149,lying,0,0,70.83,2028.4,41.3,1.07,2169.9,1,0
121547,lying,0,0,70.83,2028.4,41.6,1.07,2169.9,1,0
121949,lying,0,0,70.83,2027.5,41.6,1.07,2169.9,1,0
122402,lying,0,0,70.83,2025.9,37.0,1.06,2142.0,1,0
122750,lying,0,0,70.83,2026.5,14.1,1.02,2062.7,1,0
123173,lying,0,0,70.83,2026.4,11.5,1.01,2054.5,1,0
123548,lying,0,0,70.83,2027.6,10.5,1.01,2054.5,1,0
123951,lying,0,0,70.83,2027.5,8.2,1.01,2044.5,1,0
124576,lying,0,0,70.83,2028.0,8.8,1.01,2049.4,1,0
124758,lying,0,0,70.83,2028.2,9.1,1.01,2049.4,1,0
125149,lying,0,0,70.83,2028.3,8.8,1.01,2049.4,1,0
125552,lying,0,0,70.83,2028.9,8.2,1.01,2049.4,1,0
125951,lying,0,0,70.83,2028.0,8.1,1.01,2049.4,1,0
126352,lying,0,0,70.83,2028.4,7.9,1.01,2049.4,1,0
126768,lying,0,0,70.83,2028.8,7.1,1.01,2045.1,1,0
127149,lying,0,0,70.83,2028.8,6.7,1.01,2045.1,1,0
127551,lying,0,0,70.83,2028.6,6.8,1.01,2045.1,1,0
127951,lying,0,0,70.83,2028.6,6.6,1.01,2045.1,1,0
128352,lying,0,0,70.83,2028.6,7.0,1.01,2045.1,1,0
128994,lying,0,0,70.83,2028.2,7.0,1.01,2045.1,1,0
129214,lying,0,0,70.83,2028.1,6.4,1.01,2041.2,1,0
129551,lying,0,0,70.83,2028.2,7.0,1.01,2042.0,1,0
130035,lying,0,0,70.83,2028.4,7.0,1.01,2042.0,1,0
130351,lying,0,0,70.83,2028.3,7.6,1.01,2042.5,1,0
130753,lying,0,0,70.83,2028.8,7.4,1.01,2042.5,1,0
131152,lying,0,0,70.83,2034.6,29.7,1.10,2234.3,1,0
131553,lying,0,0,70.83,2121.5,211.7,1.34,2833.8,1,0
131985,lying,0,0,70.83,2071.1,270.9,1.37,2833.8,1,0
132354,lying,0,0,70.83,2117.8,376.6,1.39,2940.0,1,0
132776,lying,0,0,70.83,2122.2,393.0,1.39,2940.0,1,0
133389,lying,0,0,70.83,2139.0,393.4,1.37,2940.0,1,0
133654,lying,0,0,68.39,2146.5,398.2,1.37,2940.0,1,1
133953,lying,0,0,68.39,2085.9,359.7,1.41,2940.0,1,1
134355,lying,0,0,68.39,2163.9,321.0,1.36,2940.0,1,1
134752,lying,0,0,68.39,2152.5,227.3,1.24,2671.1,1,1
135145,lying,0,0,68.39,2110.7,310.9,1.36,2861.6,1,1
135595,lying,0,0,68.39,2160.4,344.9,1.32,2861.6,1,1
135945,lying,0,0,68.39,2135.5,366.3,1.34,2861.6,1,1
136351,lying,0,0,68.39,2153.6,371.2,1.33,2861.6,1,1
136743,lying,0,0,68.39,2087.3,391.2,1.37,2861.6,1,1
137215,lying,0,0,68.39,2036.1,378.0,1.41,2861.6,1,1
137888,lying,0,0,68.39,2117.7,341.0,1.30,2748.1,1,0
138001,lying,0,0,68.39,2075.0,398.8,1.45,3018.8,1,0
138344,lying,0,0,68.39,2091.2,381.6,1.44,3018.8,1,0
138755,lying,0,0,68.39,2002.9,406.8,1.51,3018.8,1,0
139145,lying,0,0,68.72,2125.0,436.0,1.42,3018.8,1,1
139547,lying,0,0,68.72,2118.8,456.3,1.42,3018.8,1,1
139945,sitting,1,0,68.72,2039.7,467.1,1.48,3018.8,1,1
140347,sitting,1,0,68.72,2158.9,513.0,1.53,3305.7,1,1
140784,sitting,1,0,68.72,2074.1,604.3,1.59,3305.7,1,1
141146,sitting,1,0,68.72,2150.3,583.0,1.54,3305.7,1,1
141591,sitting,1,0,68.72,2167.8,595.1,1.52,3305.7,1,1
141956,sitting,1,0,68.72,2175.0,581.7,1.52,3305.7,1,1
142348,sitting,1,0,74.38,2226.6,540.1,1.48,3305.7,1,1
142746,sitting,1,0,74.38,2084.9,443.8,1.39,2891.8,1,1
143149,sitting,1,0,74.38,2175.4,343.1,1.44,3136.1,1,1
143593,sitting,1,0,74.38,2161.9,470.7,1.64,3546.3,1,1
143946,sitting,1,0,74.38,2150.8,503.9,1.65,3546.3,1,1
144412,sitting,1,0,74.38,2130.3,532.3,1.66,3546.3,1,1
144747,sitting,1,0,82.01,2205.7,601.5,1.61,3546.3,1,1
145237,sitting,1,0,95.45,2208.4,665.3,1.61,3546.3,1,1
145548,sitting,1,0,95.45,2169.5,675.7,1.63,3546.3,1,1
145948,sitting,1,0,95.45,2236.5,637.3,1.48,3306.6,1,1
146347,sitting,1,0,95.45,2089.5,622.2,1.56,3256.8,1,1
146768,sitting,1,0,95.45,2183.5,651.9,1.49,3256.8,1,1
147189,sitting,1,0,95.45,2050.2,613.0,1.59,3256.8,1,1
147547,sitting,1,0,95.45,2065.9,550.3,1.58,3256.8,1,1
147950,sitting,1,0,95.45,2148.7,534.8,1.52,3256.8,1,1
148348,sitting,1,0,95.45,2063.7,450.3,1.55,3207.0,1,1
148750,sitting,1,0,95.45,2118.3,401.4,1.51,3207.0,1,1
149188,sitting,1,0,95.45,2056.8,275.5,1.30,2665.6,1,0
149551,sitting,1,0,95.45,2093.9,204.6,1.27,2665.6,1,0
149954,sitting,1,0,95.45,2087.7,180.6,1.28,2665.6,1,0
150351,sitting,1,0,95.45,2041.1,100.9,1.15,2353.6,1,0
150761,sitting,1,0,95.45,2041.2,95.3,1.15,2353.6,1,0
151149,sitting,1,0,95.45,2040.2,86.8,1.15,2353.6,1,0
151559,sitting,1,0,95.45,2061.2,108.3,1.20,2474.1,1,0
152003,sitting,1,0,95.45,2058.0,116.4,1.20,2474.1,1,0
152351,sitting,1,0,95.45,2040.7,106.3,1.21,2474.1,1,0
152785,sitting,1,0,95.45,2005.9,145.0,1.23,2474.1,1,0
153151,sitting,1,0,95.45,2113.3,371.0,1.54,3256.1,1,0
153642,sitting,1,0,95.45,2103.0,641.2,1.73,3635.5,1,0
153950,sitting,1,0,95.45,2068.1,644.1,1.76,3635.5,1,0
154371,sitting,1,0,95.45,2069.2,642.8,1.76,3635.5,1,0
154752,sitting,1,0,95.45,2151.4,699.8,1.69,3635.5,1,0
155153,sitting,0,0,95.45,2210.6,822.0,1.77,3917.3,1,0
155571,sitting,0,0,100.28,2131.2,813.5,1.84,3917.3,1,1
155952,sitting,0,0,100.28,2148.0,659.4,1.82,3917.3,1,1
156558,sitting,0,0,100.28,2242.5,672.8,1.75,3917.3,1,1
156792,sitting,0,0,98.02,2221.6,724.7,1.76,3917.3,1,1
157152,sitting,0,0,97.03,2282.0,799.9,1.73,3947.8,1,1
157553,sitting,0,0,97.03,2190.0,718.0,1.80,3947.8,1,1
157951,sitting,0,0,88.22,2161.5,721.0,1.83,3947.8,1,1
158353,sitting,0,0,88.22,2201.4,691.2,1.79,3947.8,1,1
158790,sitting,0,0,88.22,2106.7,700.0,1.87,3947.8,1,1
159151,sitting,0,0,88.22,2222.5,681.0,1.78,3947.8,1,1
159615,sitting,0,0,88.22,2039.0,566.6,1.54,3139.9,1,1
159953,sitting,0,0,88.22,2228.4,593.3,1.47,3277.1,1,1
160345,sitting,0,0,88.22,2171.3,561.9,1.51,3277.1,1,1
160935,sitting,0,0,88.22,2176.6,562.3,1.51,3277.1,1,1
161164,sitting,0,0,88.22,2186.6,525.6,1.50,3277.1,1,1
161544,sitting,0,0,88.22,2135.9,481.6,1.53,3277.1,1,1
161945,sitting,0,0,88.22,2129.5,453.0,1.54,3277.1,1,0
162344,sitting,0,0,88.22,2087.3,367.5,1.35,2808.4,1,0
162746,sitting,0,0,88.22,2094.2,356.7,1.34,2808.4,1,0
163225,sitting,0,0,88.22,2094.7,348.9,1.34,2808.4,1,0
163544,sitting,0,0,88.22,2063.4,378.5,1.36,2808.4,1,0
163972,sitting,0,0,88.22,2075.8,390.4,1.35,2808.4,1,0
164344,sitting,0,0,79.28,2108.1,436.2,1.33,2808.4,1,1
164747,sitting,0,0,83.02,2099.3,512.1,1.53,3204.0,1,1
165376,sitting,0,0,83.02,2107.6,531.9,1.52,3204.0,1,1
165616,sitting,0,0,83.02,2105.9,533.2,1.52,3204.0,1,1
165945,sitting,0,0,83.02,2132.4,508.1,1.50,3204.0,1,1
166376,sitting,0,0,83.02,2082.2,494.2,1.54,3204.0,1,1
166745,sitting,0,0,83.02,2136.0,425.5,1.50,3204.0,1,1
167146,sitting,0,0,95.52,2040.8,309.7,1.27,2582.7,1,1
167546,sitting,0,0,95.52,2136.3,269.6,1.22,2605.2,1,1
167947,sitting,0,0,87.47,2065.0,285.4,1.26,2605.2,1,1
168385,sitting,0,0,87.47,2089.8,284.7,1.25,2605.2,1,1
168747,sitting,0,0,87.47,2118.6,299.5,1.23,2605.2,1,1
169179,sitting,0,0,87.47,2114.0,357.8,1.38,2927.5,1,1
169876,sitting,0,0,87.47,2095.3,388.3,1.40,2927.5,1,1
169950,sitting,0,0,87.47,2065.1,413.7,1.42,2927.5,1,1
170349,sitting,0,0,87.47,2107.7,399.8,1.39,2927.5,1,1
170773,sitting,0,0,87.47,2086.8,399.6,1.40,2927.5,1,1
171146,sitting,0,0,87.47,2068.6,389.8,1.42,2927.5,1,1
171548,sitting,0,0,87.47,2048.1,336.3,1.39,2837.7,1,1
171948,sitting,0,0,87.47,2090.0,295.4,1.35,2819.3,1,0
172349,sitting,0,0,87.47,2056.0,227.1,1.29,2645.9,1,0
172782,sitting,0,0,87.47,2050.2,269.4,1.32,2714.7,1,0
173150,sitting,0,0,87.47,2074.5,285.5,1.31,2714.7,1,0
173581,sitting,0,0,87.47,2078.3,294.5,1.31,2714.7,1,0
173966,sitting,0,0,80.95,2063.7,282.7,1.32,2714.7,1,1
174381,sitting,0,0,80.95,2077.8,251.5,1.31,2714.7,1,1
174748,sitting,0,0,80.95,2070.0,265.1,1.31,2714.7,1,1
175150,sitting,0,0,80.95,2106.1,229.3,1.23,2593.8,1,1
175630,sitting,0,0,80.95,2043.8,251.1,1.27,2593.8,1,1
175949,sitting,0,0,80.95,2054.1,244.0,1.24,2537.4,1,1
176365,sitting,0,0,80.95,2061.4,268.4,1.27,2612.5,1,1
176750,sitting,0,0,80.95,2030.9,276.0,1.29,2612.5,1,1
177163,sitting,0,0,80.95,2095.4,300.5,1.32,2767.0,1,1
177549,sitting,0,0,80.95,2002.1,377.1,1.38,2767.0,1,1
177971,sitting,0,0,80.95,2101.7,408.7,1.43,3008.9,1,0
178350,sitting,0,0,80.95,2045.3,439.0,1.47,3008.9,1,0
178772,sitting,0,0,80.95,2060.2,437.2,1.46,3008.9,1,0
179186,sitting,0,0,80.95,2092.1,431.7,1.44,3008.9,1,0
179550,sitting,0,0,80.95,2031.9,404.8,1.48,3008.9,1,0
179951,sitting,0,0,80.95,2073.0,319.7,1.45,3008.9,1,0
180349,sitting,0,0,80.95,2046.5,257.7,1.31,2681.8,1,0
180752,sitting,0,0,80.95,2051.7,213.9,1.31,2681.8,1,0
181194,sitting,0,0,80.95,2053.7,189.9,1.17,2406.1,1,0
181552,sitting,0,0,80.95,2023.1,199.8,1.19,2406.1,1,0
182004,sitting,0,0,80.95,2043.9,182.1,1.18,2406.1,1,0
182352,sitting,0,0,80.95,2052.9,171.2,1.17,2406.1,1,0
182783,sitting,0,0,80.95,2039.7,169.9,1.18,2406.8,1,0
183151,sitting,0,0,80.95,2081.7,158.8,1.16,2406.8,1,0
183599,sitting,0,0,80.95,2053.8,157.8,1.17,2406.8,1,0
183994,sitting,0,0,80.95,2070.6,128.7,1.16,2406.8,1,0
184352,sitting,0,0,80.95,2062.0,131.8,1.17,2406.8,1,0
184753,sitting,0,0,80.95,2074.4,144.0,1.16,2406.8,1,0
185151,sitting,0,0,80.23,2049.0,174.2,1.24,2540.3,1,1
185554,sitting,0,0,80.23,2081.8,199.5,1.22,2540.3,1,1
186001,sitting,0,0,80.23,2058.9,235.4,1.23,2540.3,1,1
186345,sitting,0,0,80.23,2082.6,259.8,1.22,2540.3,1,1
186788,sitting,0,0,80.23,2082.7,273.5,1.22,2540.3,1,1
187154,sitting,0,0,80.23,2068.1,267.8,1.23,2540.3,1,1
187545,sitting,0,0,80.23,2088.9,233.0,1.19,2487.0,1,1
187953,sitting,0,0,80.23,2037.0,216.5,1.21,2472.3,1,1
188568,sitting,0,0,80.23,2082.7,238.6,1.40,2921.4,1,1
188830,sitting,0,0,80.23,2061.3,242.2,1.42,2921.4,1,0
189144,sitting,0,0,80.23,2066.4,225.9,1.41,2921.4,1,0
189580,sitting,0,0,80.23,2050.6,229.1,1.42,2921.4,1,0
189944,sitting,0,0,80.23,2072.0,239.0,1.41,2921.4,1,0
190345,sitting,0,0,80.23,2060.6,243.1,1.42,2921.4,1,0
190803,sitting,0,0,80.23,2060.1,203.0,1.17,2410.3,1,0
191147,sitting,0,0,80.23,2041.6,168.0,1.16,2377.8,1,0
191562,sitting,0,0,80.23,2062.3,175.8,1.15,2377.8,1,0
191944,sitting,0,0,80.23,2059.6,177.5,1.15,2377.8,1,0
192346,sitting,0,0,80.23,2039.9,172.8,1.15,2348.6,1,0
192950,sitting,0,0,80.23,2046.8,153.4,1.15,2348.6,1,0
193187,sitting,0,0,80.23,2043.9,121.0,1.13,2317.3,1,0
193546,sitting,0,0,80.23,2062.9,154.3,1.18,2436.8,1,0
193947,sitting,0,0,80.23,2040.5,153.9,1.19,2436.8,1,0
194345,sitting,0,0,80.23,2064.2,153.9,1.18,2436.8,1,0
194747,sitting,0,0,80.23,2047.1,143.3,1.19,2436.8,1,0
195207,sitting,0,0,80.23,2056.5,139.5,1.18,2436.8,1,0
195546,sitting,0,0,77.55,2041.6,138.8,1.19,2436.8,1,1
195951,sitting,0,0,77.55,2054.9,113.2,1.18,2422.5,1,1
196345,sitting,0,0,77.55,2031.1,125.7,1.19,2422.5,1,1
196749,sitting,0,0,77.55,2027.9,122.2,1.19,2422.5,1,1
197363,sitting,0,0,77.55,2033.2,123.3,1.19,2422.5,1,1
197577,sitting,0,0,77.55,2032.7,121.4,1.19,2422.5,1,1
197947,sitting,0,0,77.55,2036.9,120.6,1.19,2422.5,1,1
198348,sitting,0,0,77.55,2003.5,103.3,1.12,2245.3,1,1
198746,sitting,0,0,77.55,2026.9,74.0,1.11,2245.3,1,1
199148,sitting,0,0,77.55,2010.1,140.1,1.28,2578.3,1,1
199576,sitting,0,0,82.35,2009.8,142.2,1.28,2578.3,1,1
199947,sitting,0,0,82.35,2011.8,152.7,1.28,2578.3,1,1
200402,sitting,0,0,82.35,2004.6,152.4,1.29,2578.3,1,1
200748,sitting,0,0,82.35,2024.4,151.2,1.27,2578.3,1,1
201149,sitting,0,0,82.35,2017.9,155.5,1.28,2578.3,1,1
201745,sitting,0,0,82.35,2052.3,126.5,1.23,2533.9,1,1
201991,sitting,0,0,82.35,2036.7,152.3,1.24,2533.9,1,1
202347,sitting,0,0,82.35,2037.9,144.5,1.24,2533.9,1,1
202750,sitting,0,0,82.35,2031.7,150.0,1.25,2533.9,1,1
203150,sitting,0,0,82.35,2031.0,157.5,1.25,2533.9,1,1
203550,sitting,0,0,82.35,2020.8,161.1,1.25,2533.9,1,0
203957,sitting,0,0,82.35,2001.6,134.2,1.17,2348.0,1,0
204348,sitting,0,0,82.35,2015.3,112.1,1.14,2300.6,1,0
204760,sitting,0,0,82.35,2007.8,113.7,1.15,2300.6,1,0
205148,sitting,0,0,82.35,2018.9,107.4,1.14,2300.6,1,0
205550,sitting,0,0,82.35,2006.0,89.7,1.11,2219.6,1,0
206119,sitting,0,0,82.35,2017.9,76.1,1.10,2219.6,1,0
206351,sitting,0,0,82.35,2010.7,64.4,1.09,2184.3,1,0
206750,sitting,0,0,82.35,2010.3,45.0,1.09,2184.3,1,0
207151,sitting,0,0,82.35,2011.1,17.5,1.05,2102.1,1,0
207555,sitting,0,0,82.35,2009.5,7.6,1.01,2030.2,1,0
207950,sitting,0,0,82.35,2009.0,7.1,1.01,2026.5,1,0
208351,sitting,0,0,82.35,2009.7,6.9,1.01,2024.0,1,0
208751,sitting,0,0,82.35,2010.8,6.8,1.01,2025.3,1,0
209153,sitting,0,0,82.35,2011.2,7.1,1.01,2025.9,1,0
209560,sitting,0,0,82.35,2011.0,7.4,1.01,2025.9,1,0
209952,sitting,0,0,82.35,2011.0,7.0,1.01,2025.9,1,0
210511,sitting,0,0,82.35,2011.7,6.6,1.01,2025.9,1,0
210752,sitting,0,0,82.35,2011.0,7.3,1.01,2026.0,1,0
211151,sitting,0,0,82.35,2010.2,7.4,1.01,2026.0,1,0
211552,sitting,0,0,82.35,2010.0,7.4,1.01,2026.0,1,0
211965,sitting,0,0,82.35,2009.7,7.2,1.01,2026.0,1,0
212353,sitting,0,0,82.35,2010.1,7.1,1.01,2026.0,1,0
212748,sitting,0,0,82.35,2009.8,7.0,1.01,2026.0,1,0
213151,sitting,0,0,82.35,2009.9,6.6,1.01,2023.6,1,0
213553,sitting,0,0,82.35,2009.3,7.2,1.01,2025.4,1,0
213970,sitting,0,0,82.35,2014.6,25.9,1.06,2132.5,1,0
214351,sitting,0,0,82.35,2006.6,57.5,1.11,2222.0,1,0
214971,sitting,0,0,82.35,2028.6,88.5,1.15,2322.8,1,0
215154,sitting,0,0,82.35,2000.0,135.5,1.16,2322.8,1,0
215553,sitting,0,0,82.35,2020.8,171.5,1.26,2552.9,1,0
215945,sitting,0,0,82.35,1991.8,186.7,1.28,2552.9,1,0
216348,sitting,0,0,82.35,2009.7,203.4,1.27,2552.9,1,0
216745,sitting,0,0,82.35,2048.8,216.7,1.25,2552.9,1,0
217145,sitting,0,0,82.35,2022.6,212.4,1.26,2552.9,1,0
217544,sitting,0,0,82.35,2070.7,184.2,1.23,2552.9,1,0
217945,sitting,0,0,82.35,2046.3,162.5,1.19,2426.4,1,0
218360,sitting,0,0,82.35,2080.8,132.8,1.17,2426.4,1,0
218745,sitting,0,0,82.35,2067.1,126.0,1.17,2422.6,1,0
219321,sitting,0,0,82.35,2044.5,96.8,1.14,2332.6,1,0
219556,sitting,0,0,86.91,2075.6,95.8,1.12,2332.6,1,1
219943,sitting,0,0,86.91,2075.6,95.8,1.12,2332.6,1,1
220345,sitting,0,0,77.65,2077.9,103.5,1.12,2332.6,1,1
220744,sitting,0,0,77.65,2073.5,106.3,1.12,2332.6,1,1
221146,sitting,0,0,77.65,2092.9,103.1,1.07,2245.0,1,1
221555,sitting,0,0,77.65,2105.3,106.8,1.08,2278.7,1,1
221944,sitting,0,0,77.65,2101.2,122.4,1.14,2402.3,1,1
222347,sitting,0,0,77.65,2086.8,126.8,1.15,2402.3,1,1
222745,sitting,0,0,77.65,2105.9,112.2,1.14,2402.3,1,1
223147,sitting,0,0,77.65,2116.1,103.4,1.14,2402.3,1,1
223793,sitting,0,0,77.65,2095.5,100.1,1.15,2402.3,1,1
223965,sitting,0,0,77.65,2089.9,91.9,1.15,2402.3,1,1
224345,sitting,0,0,77.65,2080.4,60.6,1.09,2267.2,1,0
224747,sitting,0,0,77.65,2086.3,47.2,1.09,2267.2,1,0
225145,sitting,0,0,77.65,2081.0,33.0,1.04,2155.1,1,0
225547,sitting,0,0,77.65,2080.8,34.6,1.04,2155.1,1,0
225960,sitting,0,0,77.65,2082.1,27.6,1.04,2155.1,1,0
226347,sitting,0,0,77.65,2077.3,21.7,1.02,2124.2,1,0
226818,sitting,0,0,77.65,2075.6,19.9,1.02,2121.4,1,0
227146,sitting,0,0,77.65,2076.7,22.2,1.03,2134.4,1,0
227582,sitting,0,0,77.65,2075.0,23.0,1.03,2134.4,1,0
227951,sitting,0,0,77.65,2076.8,18.8,1.03,2134.4,1,0
228347,sitting,0,0,77.65,2077.4,17.7,1.03,2134.4,1,0
228748,sitting,0,0,77.65,2080.7,18.5,1.03,2134.4,1,0
229149,sitting,0,0,77.65,2079.2,24.3,1.03,2136.1,1,0
229580,sitting,0,0,77.65,2080.8,37.3,1.08,2248.8,1,0
229948,standing,1,0,77.65,2077.1,40.7,1.08,2248.8,1,0
230364,standing,1,0,77.65,2077.7,41.5,1.08,2248.8,1,0
230747,standing,1,0,77.65,2078.3,42.2,1.08,2248.8,1,0
231148,standing,1,0,77.65,2075.8,41.4,1.08,2248.8,1,0
231548,standing,1,0,77.65,2077.2,38.3,1.08,2248.8,1,0
231949,standing,1,0,77.65,2075.8,23.6,1.03,2133.1,1,0
232393,standing,1,0,77.65,2080.8,16.2,1.03,2133.1,1,0
232806,standing,1,0,77.65,2079.7,13.0,1.02,2116.0,1,0
233154,standing,1,0,77.65,2080.1,10.1,1.02,2116.0,1,0
233547,standing,1,0,77.65,2080.4,9.9,1.02,2116.0,1,0
233949,standing,1,0,77.65,2081.0,9.4,1.02,2116.0,1,0
234349,standing,1,0,77.65,2080.3,8.5,1.02,2116.0,1,0
234750,standing,1,0,77.65,2079.7,6.8,1.01,2095.2,1,0
235149,standing,1,0,77.65,2079.9,7.2,1.01,2096.1,1,0
235550,standing,1,0,77.65,2080.0,7.0,1.01,2096.1,1,0
235983,standing,1,0,77.65,2080.5,7.0,1.01,2101.5,1,0
236350,standing,1,0,77.65,2079.7,6.3,1.01,2101.5,1,0
236816,standing,1,0,77.65,2079.7,6.8,1.01,2101.5,1,0
237150,standing,1,0,77.65,2079.6,6.8,1.01,2101.5,1,0
237562,standing,1,0,77.65,2078.9,6.4,1.01,2101.5,1,0
238126,standing,1,0,77.65,2078.8,6.6,1.01,2101.5,1,0
238351,standing,1,0,77.65,2078.9,7.2,1.01,2098.2,1,0
238750,standing,1,0,77.65,2078.9,7.3,1.01,2098.2,1,0
239152,standing,1,0,77.65,2079.6,7.1,1.01,2098.2,1,0
239580,standing,1,0,77.65,2079.4,7.3,1.01,2098.2,1,0
239951,standing,1,0,77.65,2079.5,6.8,1.01,2098.2,1,0
240366,standing,1,0,77.65,2078.8,6.9,1.01,2098.2,1,0
240752,standing,1,0,77.65,2078.6,7.5,1.01,2095.1,1,0
241243,standing,1,0,77.65,2077.8,8.1,1.01,2095.1,1,0
241550,standing,1,0,77.65,2077.3,8.3,1.01,2095.1,1,0
241970,standing,1,0,77.65,2077.7,8.1,1.01,2095.1,1,0
242628,standing,1,0,77.65,2077.7,9.4,1.01,2096.1,1,0
242804,standing,1,0,77.65,2077.9,9.7,1.01,2096.1,1,0
243151,standing,1,0,77.65,2077.6,8.7,1.01,2096.1,1,0
243586,standing,1,0,77.65,2078.8,9.4,1.01,2107.3,1,0
243952,standing,1,0,77.65,2078.4,13.1,1.01,2107.3,1,0
244353,standing,1,0,77.65,2077.2,13.3,1.01,2107.3,1,0
244751,standing,1,0,77.65,2077.7,12.8,1.01,2107.3,1,0
245153,standing,0,0,77.65,2077.5,12.5,1.01,2107.3,1,0
245634,standing,0,0,77.65,2077.2,12.5,1.01,2107.3,1,0
245944,standing,0,0,77.65,2076.7,11.9,1.01,2105.0,1,0
246386,standing,0,0,77.65,2077.4,7.4,1.01,2093.0,1,0
246767,standing,0,0,77.65,2078.4,7.4,1.01,2094.5,1,0
247152,standing,0,0,77.65,2078.5,7.4,1.01,2094.5,1,0
247599,standing,0,0,77.65,2078.9,7.4,1.01,2094.5,1,0
247954,standing,0,0,77.65,2079.4,7.2,1.01,2094.5,1,0
248396,standing,0,0,77.65,2080.8,7.2,1.01,2101.9,1,0
248745,standing,0,0,77.65,2079.9,7.5,1.01,2101.9,1,0
249169,standing,0,0,77.65,2080.0,7.5,1.01,2101.9,1,0
249546,standing,0,0,77.65,2080.3,8.7,1.01,2107.9,1,0
249993,standing,0,0,77.65,2079.9,8.7,1.01,2107.9,1,0
250344,standing,0,0,77.65,2079.5,9.1,1.01,2107.9,1,0
250789,standing,0,0,77.65,2078.5,8.5,1.01,2107.9,1,0
251145,standing,0,0,77.65,2078.5,9.1,1.01,2107.9,1,0
251556,standing,0,0,77.65,2077.8,9.1,1.01,2107.9,1,0
252048,standing,0,0,77.65,2077.2,7.7,1.01,2097.5,1,0
252345,standing,0,0,77.65,2078.1,7.5,1.01,2097.5,1,0
252784,standing,0,0,77.65,2078.3,6.9,1.01,2097.5,1,0
253145,standing,0,0,77.65,2077.7,8.4,1.01,2097.5,1,0
253547,standing,0,0,77.65,2078.5,8.1,1.01,2096.8,1,0
253946,standing,0,0,77.65,2079.0,8.4,1.01,2100.4,1,0
254348,standing,0,0,77.65,2079.2,8.2,1.01,2100.4,1,0
254763,standing,0,0,77.65,2079.2,8.7,1.01,2100.4,1,0
255147,standing,0,0,77.65,2079.2,9.0,1.01,2100.4,1,0
255574,standing,0,0,77.65,2079.8,8.6,1.01,2100.4,1,0
255948,standing,0,0,77.65,2079.5,8.6,1.01,2100.4,1,0
256374,standing,0,0,77.65,2079.8,9.1,1.01,2109.6,1,0
257080,standing,0,0,77.65,2079.9,9.2,1.01,2109.6,1,0
257207,standing,0,0,77.65,2079.5,8.8,1.01,2109.6,1,0
257547,standing,0,0,77.65,2079.3,9.0,1.01,2109.6,1,0
257948,standing,0,0,77.65,2078.7,8.2,1.01,2109.6,1,0
258349,standing,0,0,77.65,2078.5,7.6,1.01,2109.6,1,0
258749,standing,0,0,77.65,2078.8,6.6,1.01,2096.9,1,0
259159,standing,0,0,77.65,2078.3,6.7,1.01,2093.3,1,0
259549,standing,0,0,77.65,2078.9,7.3,1.01,2093.3,1,0
259976,standing,0,0,77.65,2078.5,7.0,1.01,2091.7,1,0
260349,standing,0,0,77.65,2080.1,8.3,1.01,2105.9,1,0
260784,standing,0,0,77.65,2081.2,10.6,1.01,2110.1,1,0
261163,standing,0,0,77.65,2085.3,16.4,1.03,2140.6,1,0
261560,standing,0,0,77.65,2093.0,23.5,1.04,2175.8,1,0
261950,standing,0,0,77.65,2097.3,29.1,1.06,2220.7,1,0
262351,standing,0,0,77.65,2099.7,84.8,1.11,2339.5,1,0
262750,standing,0,0,77.65,2097.1,89.3,1.12,2339.5,1,0
263150,standing,0,0,77.65,2093.1,92.6,1.12,2339.5,1,0
263640,standing,0,0,77.65,2087.0,92.8,1.12,2339.5,1,0
263952,standing,0,0,77.65,2076.6,91.1,1.13,2339.5,1,0
264390,standing,0,0,77.65,2069.4,88.4,1.13,2339.5,1,0
264751,standing,0,0,77.65,2065.2,36.2,1.06,2199.0,1,0
265180,standing,0,0,77.65,2064.8,24.8,1.03,2132.8,1,0
265549,standing,0,0,77.65,2065.7,12.3,1.02,2114.4,1,0
265959,standing,0,0,77.65,2065.3,8.0,1.01,2081.2,1,0
266579,standing,0,0,77.65,2065.8,6.9,1.01,2081.2,1,0
266751,standing,0,0,77.65,2065.8,6.5,1.01,2081.2,1,0
267184,standing,0,0,77.65,2065.7,5.7,1.01,2080.4,1,0
267553,standing,0,0,77.65,2065.4,5.6,1.01,2080.4,1,0
267964,standing,0,0,77.65,2065.0,5.3,1.00,2075.1,1,0
268353,standing,0,0,77.65,2064.8,5.1,1.00,2074.5,1,0
268779,standing,0,0,77.65,2065.2,5.6,1.01,2077.8,1,0
269153,standing,0,0,77.65,2064.3,6.0,1.01,2077.8,1,0
269563,standing,0,0,77.65,2064.5,6.1,1.01,2077.8,1,0
269954,standing,0,0,77.65,2063.8,6.4,1.01,2077.8,1,0
270394,standing,0,0,77.65,2063.6,6.5,1.01,2078.1,1,0
270751,standing,0,0,77.65,2063.0,6.5,1.01,2078.1,1,0
271350,standing,0,0,67.66,2062.6,6.5,1.01,2079.0,1,1
271594,standing,0,0,67.66,2063.4,6.4,1.01,2079.0,1,1
271943,standing,0,0,67.66,2063.3,6.4,1.01,2079.0,1,1
272354,standing,0,0,67.66,2063.5,6.0,1.01,2079.0,1,1
272752,standing,0,0,67.66,2063.4,6.2,1.01,2079.0,1,1
273154,standing,0,0,67.66,2063.4,6.6,1.01,2079.0,1,1
273579,standing,0,0,67.66,2063.4,6.3,1.01,2076.2,1,1
273945,standing,0,0,67.66,2063.3,6.8,1.01,2076.8,1,1
274386,standing,0,0,67.66,2063.4,7.2,1.01,2077.6,1,1
274744,standing,0,0,67.66,2063.0,7.8,1.01,2077.6,1,1
275185,standing,0,0,67.66,2063.4,7.4,1.01,2077.6,1,0
275851,standing,0,0,67.66,2064.0,7.2,1.01,2077.6,1,0
275980,standing,0,0,67.66,2063.9,7.1,1.01,2077.6,1,0
276347,standing,0,0,67.66,2063.5,6.6,1.01,2077.6,1,0
276810,standing,0,0,67.66,2063.3,6.1,1.01,2074.3,1,0
277145,standing,0,0,67.66,2063.5,5.3,1.01,2074.3,1,0
277591,standing,0,0,67.66,2063.3,5.9,1.01,2074.8,1,0
277945,standing,0,0,67.66,2062.7,5.8,1.01,2074.8,1,0
278347,standing,0,0,67.66,2062.9,5.7,1.01,2074.8,1,0
278746,standing,0,0,67.66,2063.3,5.5,1.01,2074.8,1,0
279147,standing,0,0,67.66,2063.9,5.8,1.01,2081.8,1,0
279586,standing,0,0,67.66,2064.2,5.9,1.01,2081.8,1,0
279957,standing,0,0,67.66,2064.1,5.3,1.01,2081.8,1,0
280357,standing,0,0,67.66,2064.6,5.3,1.01,2081.8,1,0
280748,standing,0,0,67.66,2064.1,5.9,1.01,2081.8,1,0
281148,standing,0,0,67.66,2063.8,6.6,1.01,2081.8,1,0
281547,standing,0,0,67.66,2063.2,6.8,1.01,2076.9,1,0
281949,standing,0,0,67.66,2063.5,6.8,1.01,2076.9,1,0
282386,standing,0,0,67.66,2062.6,7.6,1.01,2076.9,1,0
282746,standing,0,0,67.66,2062.0,7.5,1.01,2076.9,1,0
283237,standing,0,0,67.66,2062.7,7.3,1.01,2076.1,1,0
283548,standing,0,0,67.66,2063.4,7.1,1.01,2080.0,1,0
283989,standing,0,0,67.66,2063.1,7.0,1.01,2080.0,1,0
284347,standing,0,0,67.66,2062.7,6.9,1.01,2080.0,1,0
284763,standing,0,0,67.66,2063.5,5.9,1.01,2080.0,1,0
285249,standing,0,0,67.66,2063.9,5.9,1.01,2080.0,1,0
285548,standing,0,0,67.66,2063.4,6.0,1.01,2080.0,1,0
285962,standing,0,0,67.66,2062.9,5.9,1.01,2075.7,1,0
286349,standing,0,0,67.66,2063.9,5.7,1.01,2079.4,1,0
286751,standing,0,0,63.65,2063.5,9.7,1.01,2094.2,1,1
287186,standing,0,0,63.65,2064.2,17.1,1.03,2122.8,1,1
287551,standing,0,0,63.65,2065.6,19.1,1.03,2122.8,1,1
287967,standing,0,0,63.65,2065.2,22.4,1.03,2122.8,1,1
288351,standing,0,0,63.65,2064.9,23.2,1.03,2122.8,1,1
288799,standing,0,0,63.65,2065.3,25.3,1.03,2122.8,1,1
289150,standing,0,0,63.65,2066.8,24.6,1.03,2122.8,1,1
289571,standing,0,0,63.65,2066.9,21.2,1.02,2110.1,1,1
290112,standing,0,0,63.65,2066.3,20.8,1.02,2110.1,1,1
290349,standing,0,0,63.65,2066.5,20.4,1.02,2113.9,1,1
290786,standing,0,0,63.65,2068.2,19.7,1.02,2113.9,1,0
291151,standing,0,0,63.65,2067.6,18.1,1.02,2113.9,1,0
291551,standing,0,0,63.65,2067.7,18.2,1.02,2113.9,1,0
291952,standing,0,0,62.71,2067.7,18.7,1.02,2113.9,1,1
292383,standing,0,0,62.71,2069.5,19.5,1.02,2120.5,1,1
292753,standing,0,0,62.71,2070.9,16.3,1.02,2120.5,1,1
293224,standing,0,0,62.71,2071.3,16.1,1.02,2120.5,1,1
293551,standing,0,0,62.71,2071.9,16.9,1.02,2120.5,1,1
293970,standing,0,0,62.71,2072.6,16.9,1.02,2120.5,1,1
294574,standing,0,0,62.71,2076.3,36.8,1.08,2232.2,1,1
294772,standing,0,0,62.71,2076.9,52.7,1.07,2232.2,1,1
295151,standing,0,0,61.11,2086.2,61.4,1.10,2288.1,1,1
295553,standing,0,0,61.11,2101.1,72.0,1.10,2303.4,1,1
295944,standing,0,0,61.11,2113.7,72.5,1.09,2303.4,1,1
296345,standing,0,0,61.11,2120.6,77.3,1.09,2303.4,1,1
296753,standing,0,0,61.11,2132.1,74.2,1.08,2303.4,1,1
297155,standing,0,0,61.11,2140.9,61.6,1.08,2303.4,1,1
297584,standing,0,0,61.11,2141.3,55.5,1.08,2303.4,1,1
297955,standing,0,0,61.11,2135.5,54.1,1.06,2268.3,1,1
298407,standing,0,0,61.11,2132.5,54.5,1.06,2268.3,1,1
299050,standing,0,0,61.11,2126.2,51.5,1.07,2268.3,1,0
299188,standing,0,0,61.11,2114.3,45.8,1.06,2244.9,1,0
299545,standing,0,0,61.11,2106.3,43.3,1.07,2244.9,1,0
299966,standing,0,0,61.11,2100.3,42.2,1.07,2244.9,1,0
300345,standing,0,0,61.11,2093.5,33.0,1.04,2177.6,1,0
300751,standing,0,0,61.11,2086.3,26.3,1.04,2172.1,1,0
301147,standing,0,0,61.11,2088.1,19.5,1.02,2130.7,1,0
301585,standing,0,0,61.11,2088.2,17.0,1.02,2122.1,1,0
301945,standing,0,0,61.11,2087.9,16.8,1.02,2119.9,1,0
302347,standing,0,0,61.11,2087.3,17.3,1.02,2119.9,1,0
302747,standing,0,0,61.11,2087.0,15.5,1.02,2119.9,1,0
303156,standing,0,0,61.11,2088.2,14.6,1.02,2119.9,1,0
303546,standing,0,0,61.11,2087.3,13.5,1.02,2119.9,1,0
303945,standing,0,0,61.11,2086.6,9.8,1.01,2109.8,1,0
304347,standing,0,0,61.11,2086.5,8.2,1.01,2106.4,1,0
304793,standing,0,0,61.11,2085.7,6.6,1.01,2097.2,1,0
305149,standing,0,0,61.11,2086.0,6.6,1.01,2099.8,1,0
305567,standing,0,0,61.11,2085.3,6.5,1.01,2099.8,1,0
305948,standing,0,0,61.11,2085.4,6.8,1.01,2099.8,1,0
306388,standing,0,0,61.11,2086.2,8.4,1.01,2106.1,1,0
306749,standing,0,0,61.11,2086.5,9.2,1.01,2108.6,1,0
307173,standing,0,0,61.11,2086.7,10.8,1.01,2111.0,1,0
307548,standing,0,0,61.11,2086.4,13.9,1.02,2125.3,1,0
307971,standing,0,0,61.11,2087.1,16.7,1.02,2125.3,1,0
308532,standing,0,0,61.11,2086.5,18.8,1.02,2125.3,1,0
308748,standing,0,0,61.11,2087.3,20.4,1.02,2125.3,1,0
309203,standing,0,0,61.11,2087.3,21.0,1.02,2125.3,1,0
309549,standing,0,0,61.11,2086.7,20.4,1.02,2125.3,1,0
309981,standing,0,0,61.11,2085.8,19.3,1.02,2124.3,1,0
310349,standing,0,0,61.11,2085.5,17.6,1.02,2124.3,1,0
310751,standing,0,0,61.11,2085.8,15.2,1.02,2121.8,1,0
311150,standing,0,0,61.11,2085.6,12.1,1.02,2118.6,1,0
311551,standing,0,0,61.11,2085.4,10.5,1.01,2109.6,1,0
311991,standing,0,0,61.11,2086.2,11.0,1.01,2109.6,1,0
312351,standing,0,0,61.11,2087.6,9.3,1.01,2109.6,1,0
312773,standing,0,0,61.11,2086.6,8.3,1.01,2106.6,1,0
313425,standing,0,0,61.11,2086.9,8.4,1.01,2106.6,1,0
313552,standing,0,0,61.11,2085.9,8.4,1.01,2106.6,1,0
313950,standing,0,0,61.11,2086.3,8.4,1.01,2106.6,1,0
314352,standing,0,0,61.11,2086.1,6.9,1.01,2101.4,1,0
314801,standing,0,0,61.11,2085.3,6.8,1.01,2101.4,1,0
315153,standing,0,0,61.11,2085.5,6.3,1.01,2098.9,1,0
315595,standing,0,0,61.11,2085.3,6.4,1.01,2098.9,1,0
315952,standing,0,0,61.11,2084.8,5.9,1.01,2098.9,1,0
316363,standing,0,0,61.11,2084.0,6.4,1.01,2101.7,1,0
316754,standing,0,0,61.11,2084.0,7.1,1.01,2101.7,1,0
317204,standing,0,0,61.11,2084.1,8.2,1.01,2105.7,1,0
317842,standing,0,0,61.11,2084.2,7.8,1.01,2105.7,1,0
317993,standing,0,0,61.11,2084.3,8.0,1.01,2105.7,1,0
318345,standing,0,0,61.11,2085.1,8.2,1.01,2105.7,1,0
318785,standing,0,0,61.11,2084.8,8.1,1.01,2105.7,1,0
319146,standing,0,0,61.11,2085.2,7.8,1.01,2105.7,1,0
319588,standing,0,0,61.11,2085.2,7.2,1.01,2099.4,1,0
319944,walking,1,0,61.11,2084.5,8.2,1.01,2100.5,1,0
320423,walking,1,0,61.11,2084.3,8.0,1.01,2100.5,1,0
320743,walking,1,0,61.11,2084.5,7.8,1.01,2100.5,1,0
321147,walking,1,0,61.11,2084.5,7.4,1.01,2100.5,1,0
321546,walking,1,0,61.11,2084.1,7.0,1.01,2100.5,1,0
321953,walking,1,0,61.11,2084.2,7.2,1.01,2100.5,1,0
322397,walking,1,0,61.11,2084.9,6.6,1.01,2096.8,1,0
322745,walking,1,0,61.11,2084.6,6.4,1.01,2096.8,1,0
323147,walking,1,0,61.11,2084.8,6.8,1.01,2097.3,1,0
323564,walking,1,0,61.11,2085.1,6.5,1.01,2097.3,1,0
323947,walking,1,0,61.11,2085.1,6.5,1.01,2097.8,1,0
324363,walking,1,0,61.11,2085.3,6.1,1.01,2097.8,1,0
324747,walking,1,0,61.11,2085.5,5.9,1.01,2098.6,1,0
325166,walking,1,0,61.11,2086.0,5.9,1.01,2098.6,1,0
325548,walking,1,0,61.11,2084.9,6.6,1.01,2098.6,1,0
326015,walking,1,0,61.11,2084.9,6.7,1.01,2098.6,1,0
326348,walking,1,0,61.11,2084.0,7.1,1.01,2098.6,1,0
326781,walking,1,0,61.11,2083.7,7.2,1.01,2098.6,1,0
327465,walking,1,0,61.11,2084.2,7.0,1.01,2096.1,1,0
327547,walking,1,0,61.11,2083.8,7.5,1.01,2098.4,1,0
327947,walking,1,0,61.11,2084.4,6.9,1.01,2098.4,1,0
328349,walking,1,0,61.11,2085.0,6.7,1.01,2098.4,1,0
328801,walking,1,0,61.11,2085.9,6.2,1.01,2098.4,1,0
329150,walking,1,0,61.11,2085.6,6.2,1.01,2098.4,1,0
329596,walking,1,0,61.11,2084.4,7.1,1.01,2098.4,1,0
329949,walking,1,0,61.11,2084.3,6.9,1.01,2097.1,1,0
330351,walking,1,0,61.11,2084.5,7.7,1.01,2105.8,1,0
330749,walking,1,0,61.11,2083.4,7.7,1.01,2105.8,1,0
331151,walking,1,0,61.11,2083.7,8.2,1.01,2105.8,1,0
331556,walking,1,0,71.96,2083.8,8.8,1.01,2105.8,1,1
332139,walking,1,0,71.96,2084.1,8.4,1.01,2105.8,1,1
332351,walking,1,0,71.96,2083.9,8.1,1.01,2105.8,1,1
332751,walking,1,0,71.96,2083.7,7.3,1.01,2100.6,1,1
333152,walking,1,0,71.96,2084.0,7.1,1.01,2100.6,1,1
333620,walking,1,0,71.96,2083.2,6.7,1.01,2097.7,1,1
333953,walking,1,0,71.96,2083.8,5.9,1.01,2097.7,1,1
334397,walking,1,0,71.96,2083.9,5.8,1.01,2097.7,1,1
334752,walking,1,0,71.96,2084.0,6.8,1.01,2102.7,1,1
335172,walking,0,0,71.96,2083.9,6.8,1.01,2102.7,1,1
335552,walking,0,0,71.96,2084.1,7.1,1.01,2102.7,1,0
335954,walking,0,0,71.96,2084.2,6.9,1.01,2102.7,1,0
336507,walking,0,0,71.96,2084.2,7.0,1.01,2102.7,1,0
336754,walking,0,0,71.96,2084.5,7.2,1.01,2102.7,1,0
337153,walking,0,0,71.96,2084.5,6.1,1.01,2095.8,1,0
337554,walking,0,0,71.96,2084.4,5.6,1.01,2094.9,1,0
337947,walking,0,0,71.96,2084.8,5.9,1.01,2097.1,1,0
338354,walking,0,0,71.96,2084.2,7.1,1.01,2097.1,1,0
338789,walking,0,0,71.96,2084.0,6.9,1.01,2097.1,1,0
339144,walking,0,0,71.96,2083.8,6.4,1.01,2097.1,1,0
339586,walking,0,0,71.96,2084.5,7.0,1.01,2097.1,1,0
339944,walking,0,0,71.96,2084.9,7.5,1.01,2100.8,1,0
340346,walking,0,0,71.96,2085.1,7.3,1.01,2100.8,1,0
340975,walking,0,0,71.96,2086.1,7.1,1.01,2101.9,1,0
341167,walking,0,0,71.96,2086.5,7.4,1.01,2101.9,1,0
341545,walking,0,0,71.96,2086.6,7.8,1.01,2101.9,1,0
341946,walking,0,0,71.96,2087.0,8.0,1.01,2106.2,1,0
342346,walking,0,0,71.96,2087.3,8.9,1.01,2111.6,1,0
342747,walking,0,0,67.10,2089.7,16.0,1.03,2147.8,1,1
343224,walking,0,0,75.66,2088.6,31.2,1.03,2161.7,1,1
343546,walking,0,0,75.66,2092.0,34.9,1.03,2161.7,1,1
343999,walking,0,0,86.63,2097.5,42.7,1.04,2178.6,1,1
344346,walking,0,0,86.63,2099.6,44.5,1.04,2178.6,1,1
344748,walking,0,0,86.63,2108.3,48.2,1.05,2205.5,1,1
345348,walking,0,0,86.63,2098.2,56.0,1.05,2205.5,1,1
345558,walking,0,0,86.63,2106.1,56.2,1.05,2209.2,1,1
345947,walking,0,0,86.63,2102.3,59.9,1.05,2209.2,1,1
346349,walking,0,0,86.63,2095.4,58.1,1.05,2209.2,1,1
346748,walking,0,0,86.63,2093.3,57.1,1.06,2209.2,1,1
347150,walking,0,0,86.63,2084.6,51.6,1.06,2209.2,1,1
347629,walking,0,0,86.63,2092.8,44.6,1.06,2209.2,1,0
347948,walking,0,0,86.63,2086.9,32.5,1.05,2184.5,1,0
348405,walking,0,0,86.63,2086.6,22.4,1.03,2153.6,1,0
348749,walking,0,0,86.63,2088.9,14.3,1.02,2121.7,1,0
349176,walking,0,0,86.63,2088.5,13.0,1.02,2122.1,1,0
349801,walking,0,0,86.63,2087.3,13.7,1.02,2122.1,1,0
349991,walking,0,0,86.63,2087.3,13.6,1.02,2122.1,1,0
350350,walking,0,0,86.63,2085.7,14.2,1.02,2122.1,1,0
350787,walking,0,0,86.63,2086.3,15.1,1.02,2122.1,1,0
351149,walking,0,0,86.63,2085.3,15.3,1.02,2122.1,1,0
351551,walking,0,0,86.63,2086.1,14.7,1.01,2115.0,1,0
351951,walking,0,0,86.63,2086.4,14.2,1.01,2115.0,1,0
352352,walking,0,0,86.63,2086.1,14.6,1.01,2115.0,1,0
352801,walking,0,0,86.63,2087.1,14.3,1.02,2118.5,1,0
353152,walking,0,0,86.63,2086.9,13.9,1.02,2118.5,1,0
353606,walking,0,0,86.63,2087.4,12.7,1.01,2118.5,1,0
353953,walking,0,0,86.63,2085.6,12.2,1.02,2118.5,1,0
354385,walking,0,0,86.63,2086.6,11.4,1.02,2118.5,1,0
354751,walking,0,0,86.63,2087.0,10.0,1.02,2118.5,1,0
355153,walking,0,0,86.63,2086.9,8.0,1.01,2109.6,1,0
355598,walking,0,0,86.63,2087.4,5.8,1.01,2099.6,1,0
355954,walking,0,0,86.63,2087.5,6.1,1.01,2099.6,1,0
356431,walking,0,0,86.63,2088.1,5.4,1.01,2099.6,1,0
356753,walking,0,0,86.63,2087.1,5.8,1.01,2099.6,1,0
357153,walking,0,0,86.63,2085.7,5.9,1.01,2099.5,1,0
357545,walking,0,0,86.63,2085.6,6.2,1.01,2099.5,1,0
357969,walking,0,0,86.63,2085.0,6.0,1.01,2097.7,1,0
358344,walking,0,0,86.63,2085.5,6.3,1.01,2101.8,1,0
358756,walking,0,0,86.63,2085.2,6.6,1.01,2101.8,1,0
359315,walking,0,0,86.63,2086.0,6.9,1.01,2103.2,1,0
359545,walking,0,0,86.63,2087.1,6.4,1.01,2103.2,1,0
359990,walking,0,0,86.63,2087.3,6.3,1.01,2103.2,1,0
360346,walking,0,0,86.63,2087.8,6.2,1.01,2103.2,1,0
360776,walking,0,0,86.63,2086.9,6.3,1.01,2103.2,1,0
361145,walking,0,0,86.63,2087.4,6.3,1.01,2106.0,1,0
361552,walking,0,0,86.63,2087.8,6.2,1.01,2106.0,1,0
361946,walking,0,0,86.63,2087.6,6.3,1.01,2106.0,1,0
362347,walking,0,0,86.63,2087.2,6.4,1.01,2106.0,1,0
362746,walking,0,0,86.63,2087.0,6.6,1.01,2106.0,1,0
363149,walking,0,0,86.63,2087.6,6.8,1.01,2106.0,1,0
363559,walking,0,0,86.63,2088.0,6.2,1.01,2105.8,1,0
364120,walking,0,0,86.63,2087.7,6.0,1.01,2105.8,1,0
364348,walking,0,0,86.63,2087.4,6.7,1.01,2105.8,1,0
364746,walking,0,0,86.63,2088.1,6.9,1.01,2105.8,1,0
365149,walking,0,0,86.63,2088.0,6.6,1.01,2105.8,1,0
365581,walking,0,0,86.63,2087.6,6.3,1.01,2103.5,1,0
365948,walking,0,0,86.63,2087.1,6.4,1.01,2103.5,1,0
366403,walking,0,0,86.63,2087.1,6.4,1.01,2103.5,1,0
366747,walking,0,0,86.63,2087.2,5.9,1.01,2103.5,1,0
367150,walking,0,0,86.63,2087.0,5.2,1.01,2099.1,1,0
367550,walking,0,0,86.63,2087.1,5.2,1.01,2099.1,1,0
367951,walking,0,0,86.63,2087.3,5.4,1.01,2104.1,1,0
368574,walking,0,0,86.63,2087.9,5.5,1.01,2104.1,1,0
368759,walking,0,0,86.63,2088.4,5.9,1.01,2104.1,1,0
369149,walking,0,0,86.63,2088.7,5.8,1.01,2104.1,1,0
369551,walking,0,0,86.63,2088.7,6.3,1.01,2108.0,1,0
369949,walking,0,0,85.41,2089.1,6.5,1.01,2108.0,1,1
370351,walking,0,0,85.41,2088.5,6.5,1.01,2108.0,1,1
370794,walking,0,0,85.41,2088.2,6.2,1.01,2108.0,1,1
371152,walking,0,0,85.41,2087.9,6.0,1.01,2108.0,1,1
371570,walking,0,0,85.41,2087.4,6.1,1.01,2108.0,1,1
371951,walking,0,0,85.41,2087.0,5.6,1.01,2097.7,1,1
372398,walking,0,0,85.41,2086.0,5.6,1.01,2097.7,1,1
372995,walking,0,0,85.41,2086.9,5.9,1.01,2103.4,1,1
373183,walking,0,0,85.41,2086.5,7.0,1.01,2103.4,1,1
373551,walking,0,0,85.41,2086.0,7.1,1.01,2103.4,1,1
373953,walking,0,0,85.41,2086.9,7.2,1.01,2103.4,1,0
374353,walking,0,0,85.41,2086.6,7.6,1.01,2103.4,1,0
374755,walking,0,0,85.41,2086.5,7.8,1.01,2103.4,1,0
375152,walking,0,0,85.41,2085.8,7.2,1.01,2100.1,1,0
375554,walking,0,0,85.41,2086.3,6.5,1.01,2098.5,1,0
375983,walking,0,0,85.41,2086.5,6.3,1.01,2103.9,1,0
376345,walking,0,0,85.41,2086.3,6.0,1.01,2103.9,1,0
376772,walking,0,0,85.41,2086.9,5.8,1.01,2103.9,1,0
377380,walking,0,0,85.41,2087.4,6.1,1.01,2103.9,1,0
377556,walking,0,0,85.41,2087.7,6.1,1.01,2103.9,1,0
377945,walking,0,0,85.41,2087.6,6.0,1.01,2103.9,1,0
378356,walking,0,0,85.41,2087.4,5.8,1.01,2100.6,1,0
378745,walking,0,0,85.41,2086.8,5.8,1.01,2100.6,1,0
379146,walking,0,0,85.41,2087.0,5.6,1.01,2100.6,1,0
379545,walking,0,0,85.41,2087.3,5.0,1.01,2098.2,1,0
379947,walking,0,0,85.41,2087.2,5.2,1.01,2098.2,1,0
380436,walking,0,0,85.41,2087.0,5.0,1.01,2098.2,1,0
380746,walking,0,0,85.41,2087.0,4.9,1.01,2098.2,1,0
381223,walking,0,0,85.41,2087.3,4.9,1.01,2099.5,1,0
381555,walking,0,0,85.41,2087.6,5.3,1.01,2103.7,1,0
381946,walking,0,0,85.41,2087.2,5.3,1.01,2103.7,1,0
382347,walking,0,0,85.41,2087.4,5.1,1.01,2103.7,1,0
382748,walking,0,0,85.41,2087.5,5.8,1.01,2103.7,1,0
383192,walking,0,0,85.41,2087.9,5.9,1.01,2103.7,1,0
383549,walking,0,0,85.41,2087.7,5.8,1.01,2103.7,1,0
383975,walking,0,0,85.41,2087.0,5.4,1.01,2102.7,1,0
384348,walking,0,0,85.41,2087.2,5.2,1.01,2102.7,1,0
384820,walking,0,0,85.41,2087.5,5.5,1.01,2102.7,1,0
385148,walking,0,0,85.41,2087.8,5.1,1.00,2096.5,1,0
385549,walking,0,0,85.41,2087.4,5.4,1.00,2096.5,1,0
385948,walking,0,0,85.41,2087.8,6.0,1.00,2097.7,1,0
386358,walking,0,0,85.41,2088.0,5.8,1.00,2097.7,1,0
386786,walking,0,0,85.41,2087.4,6.6,1.00,2097.7,1,0
387149,walking,0,0,85.41,2087.3,6.3,1.00,2097.7,1,0
387550,walking,0,0,85.41,2086.9,5.9,1.01,2097.7,1,0
387948,walking,0,0,85.41,2086.4,5.7,1.01,2097.7,1,0
388351,walking,0,0,85.41,2086.1,5.5,1.01,2097.3,1,0
388750,walking,0,0,85.41,2086.0,5.5,1.01,2097.3,1,0
389151,walking,0,0,85.41,2086.2,4.9,1.01,2097.3,1,0
389589,walking,0,0,85.41,2086.1,5.1,1.01,2097.3,1,0
389951,walking,0,0,85.41,2086.8,6.3,1.01,2102.1,1,0
390379,walking,0,0,85.41,2087.9,6.2,1.01,2102.1,1,0
390752,walking,0,0,85.41,2087.3,6.2,1.01,2102.1,1,0
391167,walking,0,0,85.41,2087.5,6.0,1.01,2102.1,1,0
391811,walking,0,0,85.41,2088.1,6.2,1.01,2102.1,1,0
391951,walking,0,0,85.41,2087.7,6.0,1.01,2102.1,1,0
392351,walking,0,0,85.41,2086.9,6.6,1.01,2102.1,1,0
392753,walking,0,0,85.41,2086.3,7.4,1.01,2104.0,1,0
393151,walking,0,0,85.41,2086.5,7.6,1.01,2104.0,1,0
393553,walking,0,0,85.41,2086.7,8.7,1.01,2107.5,1,0
393983,walking,0,0,85.41,2086.9,9.7,1.01,2107.5,1,0
394354,walking,0,0,85.41,2086.6,10.5,1.01,2107.5,1,0
394782,walking,0,0,94.56,2087.5,10.7,1.01,2112.4,1,1
395154,walking,0,0,94.56,2088.0,10.8,1.01,2112.4,1,1
395613,walking,0,0,94.56,2088.9,11.3,1.01,2112.4,1,1
396249,walking,0,0,94.56,2088.2,11.9,1.01,2112.4,1,1
396406,walking,0,0,94.56,2087.5,11.4,1.01,2112.4,1,1
396745,walking,0,0,94.56,2087.9,10.9,1.01,2112.4,1,1
397154,walking,0,0,94.56,2087.3,10.3,1.01,2110.0,1,1
397545,walking,0,0,94.56,2087.4,10.1,1.01,2110.0,1,1
397946,walking,0,0,94.56,2086.7,9.8,1.01,2107.3,1,1
398346,walking,0,0,94.56,2087.1,9.2,1.01,2106.6,1,1
398747,walking,0,0,94.56,2087.7,9.6,1.01,2106.9,1,0
399167,walking,0,0,94.56,2087.5,10.6,1.01,2110.7,1,0
399546,walking,0,0,94.56,2087.8,10.7,1.01,2110.7,1,0
399949,walking,0,0,94.56,2087.8,10.8,1.01,2110.7,1,0
400357,walking,0,0,94.56,2087.8,11.2,1.01,2110.7,1,0
400745,walking,0,0,94.56,2087.7,11.8,1.01,2110.7,1,0
401145,walking,0,0,88.32,2087.1,11.7,1.01,2110.7,1,1
401547,walking,0,0,88.32,2087.6,12.4,1.01,2111.4,1,1
401945,walking,0,0,87.62,2087.7,12.6,1.01,2111.4,1,1
402348,walking,0,0,87.62,2087.8,12.9,1.01,2111.4,1,1
402767,walking,0,0,84.53,2087.9,13.3,1.01,2111.4,1,1
403147,walking,0,0,96.09,2087.6,13.1,1.01,2111.4,1,1
403605,walking,0,0,96.09,2087.4,13.2,1.01,2111.4,1,1
403948,walking,0,0,89.19,2087.9,12.3,1.01,2110.8,1,1
404349,walking,0,0,89.19,2086.9,13.1,1.01,2110.8,1,1
404748,walking,0,0,89.19,2085.5,13.0,1.01,2110.8,1,1
405162,walking,0,0,89.19,2085.6,12.7,1.01,2115.8,1,1
405622,walking,0,0,89.19,2085.9,12.7,1.01,2115.8,1,1
405948,walking,0,0,89.19,2086.1,12.8,1.01,2115.8,1,1
406349,walking,0,0,89.19,2085.8,13.5,1.02,2119.4,1,1
406750,walking,0,0,89.19,2086.2,13.6,1.02,2119.4,1,1
407151,walking,0,0,89.19,2086.2,13.7,1.02,2119.4,1,1
407563,walking,0,0,89.19,2086.7,13.2,1.02,2119.4,1,1
407950,walking,0,0,89.19,2086.8,13.0,1.02,2119.4,1,0
408377,walking,0,0,86.66,2087.5,13.2,1.02,2119.4,1,1
408751,walking,0,0,86.66,2087.3,12.5,1.01,2115.5,1,1
409205,walking,0,0,86.66,2086.2,12.5,1.01,2115.5,1,1
409550,walking,0,0,86.66,2086.9,12.5,1.01,2115.5,1,1
409963,running,1,0,86.66,2086.5,12.4,1.01,2115.5,1,1
410556,running,1,0,86.66,2085.9,12.7,1.01,2115.5,1,1
410750,running,1,0,86.66,2086.2,12.7,1.01,2108.8,1,1
411150,running,1,0,86.66,2085.6,13.0,1.01,2110.3,1,1
411552,running,1,0,95.48,2086.6,13.1,1.01,2110.3,1,1
411955,running,1,0,95.48,2086.9,12.9,1.01,2110.3,1,1
412352,running,1,0,95.48,2086.7,13.2,1.01,2110.3,1,1
412806,running,1,0,95.48,2087.9,12.7,1.01,2110.3,1,1
413151,running,1,0,95.48,2086.8,12.5,1.01,2110.3,1,1
413564,running,1,0,95.48,2087.1,12.3,1.01,2109.5,1,1
413952,running,1,0,95.48,2088.0,11.9,1.01,2114.2,1,1
414365,running,1,0,101.81,2087.8,13.0,1.01,2114.2,1,1
414972,running,1,0,101.81,2087.7,12.8,1.01,2114.2,1,1
415166,running,1,0,101.81,2086.8,12.6,1.01,2114.2,1,1
415545,running,1,0,94.33,2086.9,12.3,1.01,2114.2,1,1
416030,running,1,0,94.33,2086.9,12.7,1.01,2114.2,1,1
416354,running,1,0,94.33,2086.9,13.2,1.01,2111.9,1,1
416745,running,1,0,105.18,2087.7,12.0,1.01,2111.5,1,1
417144,running,1,0,105.18,2088.5,11.6,1.01,2111.5,1,1
417545,running,1,0,95.67,2088.3,11.3,1.01,2111.5,1,1
417944,running,1,0,95.67,2088.7,11.5,1.01,2111.5,1,1
418345,running,1,0,95.67,2089.8,11.3,1.01,2111.5,1,1
418748,running,1,0,88.98,2088.6,11.2,1.01,2111.5,1,1
419163,running,1,0,88.98,2088.3,11.4,1.01,2108.8,1,1
419544,running,1,0,90.83,2089.1,12.1,1.01,2112.0,1,1
419946,running,1,0,90.83,2089.2,12.5,1.01,2112.0,1,1
420346,running,1,0,90.83,2089.5,12.7,1.01,2112.0,1,1
420796,running,1,0,90.83,2088.4,12.9,1.01,2112.1,1,1
421147,running,1,0,90.83,2089.0,13.0,1.02,2120.5,1,1
421566,running,1,0,90.83,2089.0,13.5,1.02,2120.5,1,1
421946,running,1,0,85.71,2087.3,13.1,1.02,2120.5,1,1
422346,running,1,0,85.71,2087.3,12.8,1.02,2120.5,1,1
422747,running,1,0,85.71,2086.8,11.8,1.02,2120.5,1,1
423205,running,1,0,85.71,2087.5,10.5,1.02,2120.5,1,1
423546,running,1,0,85.71,2087.0,8.8,1.01,2110.8,1,1
424008,running,1,0,86.72,2086.9,7.1,1.01,2101.6,1,1
424639,running,1,0,86.72,2087.2,6.1,1.01,2101.0,1,1
424746,running,1,0,86.72,2087.2,6.0,1.01,2101.0,1,1
425146,running,0,0,86.72,2087.6,6.2,1.01,2101.0,1,1
425549,running,0,0,86.72,2087.2,5.8,1.01,2098.0,1,1
425990,running,0,0,86.72,2087.8,5.3,1.00,2097.7,1,1
426349,running,0,0,86.72,2087.7,5.4,1.01,2098.8,1,1
426787,running,0,0,84.64,2087.3,5.4,1.01,2098.8,1,1
427149,running,0,0,84.64,2087.1,5.8,1.01,2098.8,1,1
427596,running,0,0,84.64,2087.1,5.7,1.01,2098.8,1,1
427948,running,0,0,84.64,2087.1,5.9,1.01,2098.8,1,1
428350,running,0,0,84.64,2087.0,5.9,1.01,2098.8,1,1
428749,running,0,0,84.64,2086.8,5.7,1.01,2098.2,1,1
429364,running,0,0,82.45,2087.8,5.5,1.01,2098.2,1,1
429591,running,0,0,82.45,2088.7,5.1,1.00,2098.5,1,1
429949,running,0,0,79.47,2088.8,5.1,1.00,2098.5,1,1
430371,running,0,0,79.47,2089.2,5.2,1.01,2106.6,1,1
430750,running,0,0,79.47,2089.3,5.5,1.01,2106.6,1,1
431152,running,0,0,79.47,2088.9,5.7,1.01,2106.6,1,1
431630,running,0,0,79.47,2088.5,5.8,1.01,2106.6,1,1
431951,running,0,0,79.47,2087.9,5.8,1.01,2106.6,1,1
432393,running,0,0,79.47,2088.0,6.0,1.01,2106.6,1,1
432753,running,0,0,79.47,2088.2,5.8,1.01,2102.7,1,1
433222,running,0,0,79.47,2088.8,5.7,1.01,2102.7,1,1
433857,running,0,0,79.47,2089.4,5.4,1.01,2102.7,1,1
434026,running,0,0,79.47,2089.2,5.4,1.01,2102.7,1,0
434351,running,0,0,79.47,2089.0,5.9,1.01,2102.7,1,0
434762,running,0,0,79.47,2089.4,6.1,1.01,2102.7,1,0
435153,running,0,0,79.47,2089.2,5.8,1.00,2099.1,1,0
435603,running,0,0,79.47,2088.6,5.8,1.01,2099.1,1,0
435951,running,0,0,79.47,2088.9,5.9,1.00,2099.1,1,0
436353,running,0,0,79.47,2088.4,6.6,1.01,2099.1,1,0
436753,running,0,0,81.01,2089.2,6.2,1.01,2099.6,1,1
437155,running,0,0,81.01,2088.9,6.0,1.01,2099.6,1,1
437556,running,0,0,78.53,2088.7,6.1,1.01,2099.6,1,1
437960,running,0,0,78.53,2088.4,6.5,1.01,2099.6,1,1
438410,running,0,0,78.53,2088.3,6.8,1.01,2099.6,1,1
438744,running,0,0,74.67,2089.0,6.3,1.01,2099.6,1,1
439146,running,0,0,74.67,2088.3,6.7,1.01,2103.1,1,1
439578,running,0,0,74.67,2087.9,6.5,1.01,2103.1,1,1
439945,running,0,0,74.67,2087.8,6.6,1.01,2103.1,1,1
440394,running,0,0,74.67,2087.7,8.6,1.02,2121.3,1,1
440747,running,0,0,74.67,2086.6,12.5,1.02,2121.3,1,1
441217,running,0,0,74.67,2088.3,18.8,1.05,2184.1,1,1
441544,running,0,0,74.67,2088.1,21.0,1.05,2184.1,1,1
441979,running,0,0,74.67,2089.3,22.3,1.05,2184.1,1,1
442345,running,0,0,74.67,2088.4,24.1,1.05,2184.1,1,1
442779,running,0,0,74.67,2088.7,23.6,1.05,2184.1,1,0
443354,running,0,0,74.67,2089.8,21.7,1.05,2184.1,1,0
443546,running,0,0,74.67,2088.6,16.8,1.03,2143.1,1,0
443975,running,0,0,74.67,2088.9,15.1,1.02,2125.2,1,0
444345,running,0,0,74.67,2087.4,13.4,1.02,2125.2,1,0
444790,running,0,0,74.67,2088.7,11.1,1.02,2125.2,1,0
445147,running,0,0,74.67,2089.0,10.9,1.02,2125.2,1,0
445548,running,0,0,74.67,2089.8,11.4,1.02,2125.2,1,0
445948,running,0,0,74.67,2088.5,12.3,1.02,2125.2,1,0
446348,running,0,0,74.67,2090.1,12.9,1.02,2125.6,1,0
446748,running,0,0,74.67,2090.4,13.8,1.02,2125.6,1,0
447149,running,0,0,74.67,2089.6,15.0,1.02,2125.6,1,0
447557,running,0,0,74.67,2088.8,18.4,1.02,2125.6,1,0
448221,running,0,0,74.67,2086.7,18.9,1.02,2125.6,1,0
448352,running,0,0,74.67,2088.2,19.1,1.02,2125.6,1,0
448748,running,0,0,74.67,2086.9,18.2,1.02,2124.1,1,0
449150,running,0,0,74.67,2088.1,19.5,1.02,2121.0,1,0
449549,running,0,0,74.67,2088.9,18.8,1.01,2116.0,1,0
449950,running,0,0,74.67,2089.7,16.6,1.01,2116.0,1,0
450427,running,0,0,74.67,2091.3,16.2,1.01,2116.0,1,0
450750,running,0,0,74.67,2090.3,16.6,1.01,2118.3,1,0
451163,running,0,0,74.67,2090.0,17.0,1.01,2118.3,1,0
451550,running,0,0,74.67,2089.9,15.0,1.01,2118.3,1,0
451962,running,0,0,74.67,2089.9,15.1,1.01,2118.3,1,0
452588,running,0,0,74.67,2090.0,14.1,1.01,2118.3,1,0
452821,running,0,0,74.67,2088.8,14.3,1.01,2119.6,1,0
453152,running,0,0,74.67,2089.9,13.8,1.01,2120.3,1,0
453576,running,0,0,74.67,2090.2,12.5,1.01,2120.3,1,0
453952,running,0,0,74.67,2089.2,12.4,1.01,2120.3,1,0
454379,running,0,0,74.67,2088.8,11.1,1.02,2120.3,1,0
454753,running,0,0,74.67,2088.4,10.3,1.02,2120.3,1,0
455154,running,0,0,74.67,2089.2,8.0,1.01,2120.3,1,0
455553,running,0,0,74.67,2088.8,6.9,1.01,2111.6,1,0
455953,running,0,0,74.67,2089.3,6.8,1.01,2111.6,1,0
456415,running,0,0,74.67,2089.7,6.2,1.01,2105.7,1,0
456759,running,0,0,74.67,2089.3,6.8,1.01,2105.7,1,0
457163,running,0,0,74.67,2089.6,6.5,1.01,2105.7,1,0
457553,running,0,0,74.67,2089.5,6.7,1.01,2105.7,1,0
457954,running,0,0,74.67,2089.5,6.2,1.01,2101.0,1,0
458413,running,0,0,74.67,2088.8,6.3,1.01,2101.0,1,0
458744,running,0,0,74.67,2088.5,6.2,1.01,2101.0,1,0
459192,running,0,0,74.67,2089.2,5.5,1.00,2099.5,1,0
459544,running,0,0,74.67,2089.7,6.2,1.01,2111.1,1,0
459945,running,0,0,74.67,2089.3,6.4,1.01,2111.1,1,0
460345,running,0,0,74.67,2088.8,6.3,1.01,2111.1,1,0
460746,running,0,0,74.67,2089.0,6.1,1.01,2111.1,1,0
461191,running,0,0,74.67,2088.4,6.5,1.01,2111.1,1,0
461563,running,0,0,74.67,2088.2,7.0,1.01,2111.1,1,0
462009,running,0,0,74.67,2087.1,6.7,1.01,2103.7,1,0
462346,running,0,0,74.67,2087.9,7.0,1.01,2103.7,1,0
462747,running,0,0,74.67,2088.6,8.1,1.01,2105.0,1,0
463145,running,0,0,74.67,2088.6,8.3,1.01,2105.0,1,0
463547,running,0,0,74.67,2088.6,8.0,1.01,2105.0,1,0
464010,running,0,0,74.67,2088.6,7.7,1.01,2105.0,1,0
464347,running,0,0,74.67,2088.7,7.3,1.01,2105.0,1,0
464840,running,0,0,74.67,2088.6,7.0,1.01,2105.0,1,0
465146,running,0,0,74.67,2088.2,5.7,1.01,2100.5,1,0
465549,running,0,0,74.67,2088.1,5.9,1.01,2102.3,1,0
465947,running,0,0,74.67,2088.8,5.9,1.01,2102.3,1,0
466387,running,0,0,74.67,2088.3,5.7,1.01,2102.3,1,0
466789,running,0,0,74.67,2088.3,5.6,1.01,2102.3,1,0
467147,running,0,0,74.67,2088.1,5.7,1.01,2102.3,1,0
467560,running,0,0,74.67,2087.6,5.6,1.01,2102.3,1,0
467948,running,0,0,74.67,2087.3,5.9,1.00,2097.5,1,0
468350,running,0,0,74.67,2086.8,6.8,1.01,2102.3,1,0
468798,running,0,0,74.67,2086.8,7.6,1.01,2107.3,1,0
469151,running,0,0,74.67,2087.2,8.1,1.01,2107.3,1,0
469551,running,0,0,74.67,2087.3,9.2,1.01,2107.3,1,0
469951,running,0,0,74.67,2087.0,9.4,1.01,2107.3,1,0
470433,running,0,0,74.67,2087.3,9.4,1.01,2107.3,1,0
470751,running,0,0,74.67,2087.2,9.0,1.01,2107.3,1,0
471367,running,0,0,74.67,2087.6,8.4,1.01,2105.4,1,0
471552,running,0,0,74.67,2086.1,8.7,1.01,2105.4,1,0
471951,running,0,0,74.67,2086.0,7.7,1.01,2105.4,1,0
472352,running,0,0,74.67,2086.0,8.1,1.01,2105.4,1,0
472772,running,0,0,74.67,2085.6,9.1,1.01,2104.5,1,0
473154,running,0,0,74.67,2085.6,10.3,1.01,2111.4,1,0
473617,running,0,0,74.67,2085.6,11.0,1.01,2111.4,1,0
473952,running,0,0,74.67,2087.2,11.4,1.01,2111.7,1,0
474407,running,0,0,74.67,2087.1,12.1,1.01,2111.7,1,0
474753,running,0,0,74.67,2086.9,12.1,1.01,2111.7,1,0
475194,running,0,0,74.67,2087.5,11.3,1.01,2111.7,1,0
475835,running,0,0,74.67,2087.2,10.5,1.01,2111.7,1,0
475980,running,0,0,74.67,2087.5,9.7,1.01,2111.7,1,0
476344,running,0,0,78.09,2087.3,9.4,1.01,2111.5,1,1
476783,running,0,0,78.09,2087.1,8.7,1.01,2103.1,1,1
477144,running,0,0,78.09,2087.9,8.7,1.01,2103.1,1,1
477558,running,0,0,78.09,2088.0,9.0,1.01,2109.3,1,1
477943,running,0,0,78.09,2088.3,8.9,1.01,2109.3,1,1
478390,running,0,0,78.09,2088.1,8.8,1.01,2109.3,1,1
478745,running,0,0,78.09,2088.3,9.5,1.01,2109.8,1,1
479147,running,0,0,78.09,2088.6,9.6,1.01,2109.8,1,1
479545,running,0,0,78.09,2088.8,9.9,1.01,2110.9,1,1
479960,running,0,0,78.09,2088.9,9.5,1.01,2110.9,1,1
480353,running,0,0,78.09,2088.8,9.8,1.01,2110.9,1,0
480745,running,0,0,76.89,2089.3,10.1,1.01,2110.9,1,1
481147,running,0,0,76.89,2088.7,9.0,1.01,2110.9,1,1
481607,running,0,0,70.83,2088.4,9.2,1.01,2110.9,1,1
481948,running,0,0,70.83,2087.9,8.9,1.01,2110.0,1,1
482371,running,0,0,70.83,2087.6,9.3,1.01,2110.0,1,1
482748,running,0,0,70.83,2087.7,8.7,1.01,2107.7,1,1
483172,running,0,0,70.83,2087.2,8.6,1.01,2107.7,1,1
483549,running,0,0,70.83,2087.5,9.0,1.01,2107.7,1,1
484000,running,0,0,70.83,2088.1,8.4,1.01,2107.7,1,1
484349,running,0,0,70.83,2087.9,8.5,1.01,2107.7,1,1
484763,running,0,0,70.83,2087.6,8.3,1.01,2107.1,1,1
485394,running,0,0,70.83,2087.8,8.0,1.01,2107.1,1,1
485548,running,0,0,70.83,2087.8,7.7,1.01,2104.7,1,1
486005,running,0,0,70.83,2087.9,8.0,1.01,2107.4,1,0
486351,running,0,0,70.83,2088.2,8.9,1.01,2113.3,1,0
486750,running,0,0,70.83,2088.2,8.6,1.01,2113.3,1,0
487151,running,0,0,70.83,2089.1,8.5,1.01,2113.3,1,0
487581,running,0,0,70.83,2089.3,9.1,1.01,2113.3,1,0
487949,running,0,0,74.03,2089.1,9.2,1.01,2113.3,1,1
488362,running,0,0,74.03,2089.2,8.8,1.01,2113.3,1,1
488749,running,0,0,74.03,2089.0,8.7,1.01,2105.7,1,1
489152,running,0,0,74.03,2088.6,8.9,1.01,2105.7,1,1
489596,running,0,0,74.03,2088.5,8.7,1.01,2105.1,1,1
490248,running,0,0,79.77,2088.2,8.5,1.01,2103.8,1,1
490368,running,0,0,79.77,2088.4,9.0,1.01,2107.3,1,1
490752,running,0,0,76.50,2088.3,9.3,1.01,2107.8,1,1
491185,running,0,0,76.50,2088.1,8.3,1.01,2107.8,1,1
491551,running,0,0,76.50,2087.9,8.5,1.01,2107.8,1,1
491953,running,0,0,76.50,2087.6,8.1,1.01,2107.8,1,1
492352,running,0,0,76.50,2087.8,7.7,1.01,2107.8,1,1
492755,running,0,0,76.50,2088.1,6.9,1.01,2107.8,1,1
493172,running,0,0,76.50,2087.8,6.4,1.01,2099.8,1,1
493555,running,0,0,76.50,2087.5,6.6,1.01,2099.8,1,1
493958,running,0,0,78.82,2088.8,6.1,1.01,2100.9,1,1
494348,running,0,0,78.82,2088.8,6.0,1.01,2100.9,1,1
494744,running,0,0,78.82,2088.9,5.9,1.01,2100.9,1,1
495187,running,0,0,78.82,2088.4,6.2,1.01,2100.9,1,1
495545,running,0,0,78.82,2088.6,6.3,1.01,2104.0,1,1
495992,running,0,0,78.82,2088.6,6.1,1.01,2104.0,1,1
496346,running,0,0,78.82,2088.6,5.9,1.01,2104.0,1,1
496830,running,0,0,78.82,2089.4,7.5,1.01,2109.0,1,1
497146,running,0,0,78.82,2087.6,29.6,1.03,2140.3,1,1
497615,running,0,0,78.82,2094.7,39.1,1.06,2213.3,1,1
497946,running,0,0,78.82,2099.6,41.1,1.05,2213.3,1,0
498382,running,0,0,78.82,2106.2,42.3,1.05,2213.3,1,0
498745,running,0,0,78.82,2114.0,43.5,1.05,2213.3,1,0
499161,running,0,0,78.82,2123.2,45.0,1.04,2213.3,1,0
499720,running,0,0,78.82,2136.7,33.8,1.04,2213.3,1,0
